<bhwCompleteCollection>

<!-- bhwHoarder Edits Start -->
	<!-- Add Loot Container to All Store Shelves -->
	<append xpath="/blocks/block[@name='storeShelving01']" >
		<property name="Class" value="Loot"/>
		<property name="LootList" value="650"/>
	</append>
<!-- bhwHoarder Edits End -->

<!-- bhwModernCooking Edits Start -->
	<append xpath="/blocks">

		<block name="modernCookingMaster">
			<property name="CreativeMode" value="Dev"/>
			<property name="CustomIcon" value="cntWallOven"/>
			<property name="Class" value="Campfire"/>
			<property name="Material" value="Mmetal"/>
			<property name="MaxDamage" value="750"/>
			<property name="Texture" value="191"/>
			<property name="Place" value="TowardsPlacerInverted"/>
			<property name="Collide" value="movement,melee,bullet,arrow,rocket"/>
			<property name="ParticleName" value="campfire"/>
			<property name="ParticleOffset" value="0.5,.8,0.5"/>
			<property name="HeatMapStrength" value="1"/>
			<property name="HeatMapTime" value="5000"/>
			<property name="HeatMapFrequency" value="1000"/>
			<property name="BuffsWhenWalkedOn" value="buffBurningEnvironment"/>
			<property name="ActiveRadiusEffects" value="buffCampfireAOE(3)"/>
			<property class="Workstation">
				<property name="CraftingAreaRecipes" value="campfire"/>
				<property name="Modules" value="tools,output,fuel,input"/>
				<property name="Collide" value="melee,bullet,arrow,rocket"/>
			</property>
			<property name="WorkstationIcon" value="ui_game_symbol_campfire"/>
			<property name="CraftActionName" value="lblContextActionCook"/>
			<property name="CraftIcon" value="ui_game_symbol_spatula"/>
			<property name="OpenSound" value="open_mailbox"/>
			<property name="CloseSound" value="close_mailbox"/>
			<property name="CraftSound" value="campfire_cook_click"/>
			<property name="CraftCompleteSound" value="campfire_complete_item"/>
			<property name="WorkstationJournalTip" value="campfireTip"/>
				<property class="RepairItems">
					<property name="resourceForgedIron" value="2"/>
					<property name="resourceElectricParts" value="2"/>
				</property>
			<drop event="Harvest" name="terrStone" count="0" tool_category="Disassemble"/>
			<drop event="Harvest" name="resourceElectricParts" count="1,2" tag="salvageHarvest"/>
			<drop event="Harvest" name="resourceScrapIron" count="1,5" tag="salvageHarvest"/>
			<drop event="Destroy" name="resourceScrapIron" count="2" prob="1"/>
			<property name="Group" value="Basics,Food/Cooking,Building,advBuilding"/>
			<property name="DescriptionKey" value="moderncookingHelperBlockDesc"/>
			<property name="EconomicValue" value="5"/>
			<property name="FilterTags" value="fdecor,fother,ffurniture"/>
			<property name="SortOrder1" value="70i0"/>
		</block>
		
		<block name="modernCookingHelper" count="1" craft_area="workbench" tags="workbenchCrafting">
			<property name="Extends" value="modernCookingMaster"/>
			<property name="CustomIcon" value="cntWallOven"/>
			<property name="CreativeMode" value="Player"/>
			<property name="ItemTypeIcon" value="all_blocks"/>
			<property name="SelectAlternates" value="true" />
			<property name="DescriptionKey" value="modernCookingHelperBlockDesc"/>
			<property name="PlaceAltBlockValue" value="modernCookingWallOven,modernCookingOldStove,modernCookingWoodStove,modernCookingCoffeeMaker,modernCookingCoffeeMakerCommercial,modernCookingCharcoalGrillClosed,modernCookingCharcoalGrillOpen,modernCookingGasGrillClosed,modernCookingGasGrillOpen,modernCookingMicrowave,modernCookingToaster"/>
		</block>
		
		<block name="modernCookingWallOven">
			<property name="Extends" value="modernCookingMaster"/>
			<property name="CustomIcon" value="cntWallOven"/>
			<property name="Texture" value="346,191,341,191,191,191"/>
			<property name="Place" value="TowardsPlacerInverted"/>
		</block>
		
		<block name="modernCookingOldStove">
			<property name="Extends" value="modernCookingMaster"/>
			<property name="CustomIcon" value="cntStoveOldVer1Closed"/>
			<property name="Shape" value="Ext3dModel"/> <property name="Texture" value="293"/>
			<property name="Model" value="Appliances/stove_old" param1="main_mesh"/> <property name="Place" value="TowardsPlacerInverted"/>
			<property name="Mesh" value="models"/>
			<property name="Path" value="solid"/>
			<property name="ParticleOffset" value="0.5,.6,0.5"/>
		</block>
		
		<block name="modernCookingWoodStove">
			<property name="Extends" value="modernCookingMaster"/>
			<property name="CustomIcon" value="cntWoodBurningStove"/>
			<property name="Shape" value="ModelEntity"/>
			<property name="Model" value="Entities/Furniture/woodBurningStovePrefab"/>
			<property name="StabilitySupport" value="false"/> <!-- build restriction -->
			<property name="Path" value="solid"/>
			<property name="Place" value="TowardsPlacerInverted"/>
			<property name="ParticleName" value="forge"/>
			<property name="ParticleOffset" value="0.5,0.4,0.5"/>
		</block>

		<block name="modernCookingCoffeeMaker">
			<property name="Extends" value="modernCookingMaster"/>
			<property name="CustomIcon" value="cntCoffeeMaker"/>
			<property name="Shape" value="ModelEntity"/>
			<property name="Model" value="Entities/Appliances/coffeeMakerPrefab"/>
			<property name="StabilitySupport" value="false"/> <!-- build restriction -->
			<property name="Path" value="solid"/>
			<property name="Place" value="TowardsPlacerInverted"/>
			<property name="ParticleName" value="candle_flame"/>
			<property name="ParticleOffset" value="0.5,0,0.3"/>
		</block>

		<block name="modernCookingCoffeeMakerCommercial">
			<property name="Extends" value="modernCookingMaster"/>
			<property name="CustomIcon" value="cntCoffeeMakerCommercial"/>
			<property name="Shape" value="ModelEntity"/>
			<property name="Model" value="Entities/Appliances/commercialCoffeeMakerPrefab"/>
			<property name="StabilitySupport" value="false"/> <!-- build restriction -->
			<property name="Path" value="solid"/>
			<property name="Place" value="TowardsPlacerInverted"/>
			<property name="ParticleName" value="candle_flame"/>
			<property name="ParticleOffset" value="0.4,0,0.4"/>
		</block>

		<block name="modernCookingCharcoalGrillClosed">
			<property name="Extends" value="modernCookingMaster"/>
			<property name="CustomIcon" value="cntCharcoalGrillClosed"/>
			<property name="Shape" value="ModelEntity"/>
			<property name="Model" value="#Entities/LootContainers?Grill_Simple_ClosedPrefab.prefab"/>
			<property name="StabilitySupport" value="false"/> <!-- build restriction -->
			<property name="Path" value="solid"/>
			<property name="Place" value="TowardsPlacerInverted"/>
			<property name="ParticleName" value="torch_wall"/>
			<property name="ParticleOffset" value="0.5,0.5,0.5"/>
		</block>

		<block name="modernCookingCharcoalGrillOpen">
			<property name="Extends" value="modernCookingMaster"/>
			<property name="CustomIcon" value="cntCharcoalGrillOpen"/>
			<property name="Shape" value="ModelEntity"/>
			<property name="Model" value="#Entities/LootContainers?Grill_Simple_EmptyPrefab.prefab"/>
			<property name="StabilitySupport" value="false"/> <!-- build restriction -->
			<property name="Path" value="solid"/>
			<property name="Place" value="TowardsPlacerInverted"/>
		</block>

		<block name="modernCookingGasGrillClosed">
			<property name="Extends" value="modernCookingMaster"/>
			<property name="CustomIcon" value="cntGasGrillClosed"/>
			<property name="Shape" value="ModelEntity"/>
			<property name="Model" value="#Entities/LootContainers?GasGrill_FullPrefab.prefab"/>
			<property name="StabilitySupport" value="false"/> <!-- build restriction -->
			<property name="Path" value="solid"/>
			<property name="Place" value="TowardsPlacerInverted"/>
			<property name="ParticleName" value="torch_wall"/>
			<property name="ParticleOffset" value="0.5,.5,0.5"/>
		</block>

		<block name="modernCookingGasGrillOpen">
			<property name="Extends" value="modernCookingMaster"/>
			<property name="CustomIcon" value="cntGasGrillOpen"/>
			<property name="Shape" value="ModelEntity"/>
			<property name="Model" value="#Entities/LootContainers?GasGrill_EmptyPrefab.prefab"/>
			<property name="StabilitySupport" value="false"/> <!-- build restriction -->
			<property name="Path" value="solid"/>
			<property name="Place" value="TowardsPlacerInverted"/>
		</block>

		<block name="modernCookingMicrowave">
			<property name="Extends" value="modernCookingMaster"/>
			<property name="CustomIcon" value="cntMicrowaveOvenVer1Open"/>
			<property name="Shape" value="Ext3dModel"/> <property name="Texture" value="293"/>
			<property name="Mesh" value="models"/>
			<property name="Model" value="Appliances/microwave_oven_ver1" param1="main_mesh"/>
			<property name="StabilitySupport" value="false"/> <!-- build restriction -->
			<property name="Path" value="solid"/>
			<property name="Place" value="TowardsPlacerInverted"/>
			<property name="ParticleName" value="candle_flame"/>
			<property name="ParticleOffset" value="0.5,0,0.7"/>
		</block>

		<block name="modernCookingToaster">
			<property name="Extends" value="modernCookingMaster"/>
			<property name="CustomIcon" value="cntToaster"/>
			<property name="Shape" value="ModelEntity"/>
			<property name="Model" value="Entities/Appliances/toasterPrefab"/>
			<property name="StabilitySupport" value="false"/> <!-- build restriction -->
			<property name="Path" value="solid"/>
			<property name="Place" value="TowardsPlacerInverted"/>
			<property name="ParticleName" value="candle_flame"/>
			<property name="ParticleOffset" value="0.5,0,0.5"/>
		</block>

	<!-- Closing Append tag for all Added Blocks -->
	</append>

	<!-- All set xpath edits below here -->

<!-- bhwModernCooking Edits End -->

<!-- bhwReinforcedDoors Edits Start -->	

	<append xpath="/blocks">

	<!-- Reinforced Entry Doors -->
		<block name="reinforcedHouseEntryDoor1">
			<property name="Class" value="DoorSecure"/>
			<property name="Material" value="Msteel"/>
			<property name="PassThroughDamage" value="true"/>
			<property name="LightOpacity" value="1"/>
			<property name="Shape" value="ModelEntity"/>
			<property name="Tags" value="door"/>
			<property name="BlockTag" value="Door"/>
			<property name="Place" value="Door"/> <!-- build restriction -->
			<property name="PlaceEverywhere" value="true"/>
			<property name="AllowAllRotations" value="true"/> <!-- enables the 45 degree rotations -->
			<property name="OnlySimpleRotations" value="true"/>
			<property name="CustomIcon" value="houseFrontDoor1_v1"/>
			<property name="Model" value="Entities/Doors/house_frontDoor1_v1Prefab"/><property name="ModelOffset" value="0,0,0"/>
			<property name="DisplayType" value="blockHardenedMulti"/>
			<property name="MultiBlockDim" value="1,2,1"/>
			<property name="ImposterExchange" value="imposterBlock" param1="77"/>
			<property name="Mesh-Damage-1" value="Door/Door_DMG0"/>
			<property name="Mesh-Damage-2" value="Door/Door_DMG1"/>
			<property name="Mesh-Damage-3" value="Door/Door_DMG2"/>
			<property name="Mesh-Damage-4" value="Door/Door_DMG3"/>
			<property name="Mesh-Damage-5" value="Door/Door_DMG4"/>
			<property name="OpenSound" value="open_door_wood"/>
			<property name="CloseSound" value="close_door_wood"/>
			<property class="RepairItems"> <property name="resourceForgedIron" value="5"/> </property>
			<drop event="Harvest" name="resourceScrapIron" count="96" prob="1" tag="allHarvest"/>
			<drop event="Destroy" count="0"/>
			<drop event="Fall" name="scrapMetalPile" count="1" prob="0.75" stick_chance="1"/>
			<property name="Group" value="Building,advBuilding"/>
			<property name="EconomicValue" value="432"/>
			<property name="FilterTags" value="fdecor,fdoors"/>
			<property name="SortOrder1" value="7060"/>
			<property name="SortOrder2" value="0340"/> <!-- SortDoors -->
		</block>

		<block name="reinforcedHouseEntryDoor2">
			<property name="Extends" value="reinforcedHouseEntryDoor1"/>
			<property name="CustomIcon" value="houseFrontDoor2_v1"/>
			<property name="Model" value="Entities/Doors/house_frontDoor2_v1Prefab"/>
			<property name="ImposterExchange" value="imposterBlock" param1="70"/>
			<property name="SortOrder2" value="0160"/> <!-- SortDoors -->
		</block>

		<block name="reinforcedCommercialEntryDoor1">
			<property name="Extends" value="reinforcedHouseEntryDoor1"/>
			<property name="CustomIcon" value="commercialDoor1_v1"/>
			<property name="Model" value="Entities/Doors/commercial_door_1_v1Prefab"/>
			<property name="OpenSound" value="open_door_metal"/>
			<property name="CloseSound" value="close_door_metal"/>
			<property name="SortOrder2" value="0200"/> <!-- SortDoors -->
		</block>

		<block name="reinforcedCommercialEntryDoor2">
			<property name="Extends" value="reinforcedHouseEntryDoor1"/>
			<property name="CustomIcon" value="commercialDoor2_v1"/>
			<property name="Model" value="Entities/Doors/commercial_door_2_v1Prefab"/>
			<property name="OpenSound" value="open_door_metal"/>
			<property name="CloseSound" value="close_door_metal"/>
			<property name="SortOrder2" value="0200"/> <!-- SortDoors -->
		</block>

		<block name="reinforcedCommercialEntryDoor4">
			<property name="Extends" value="reinforcedHouseEntryDoor1"/>
			<property name="CustomIcon" value="commercialDoor4_v1"/>
			<property name="Model" value="Entities/Doors/commercial_door_4_v1Prefab"/>
			<property name="OpenSound" value="open_door_metal"/>
			<property name="CloseSound" value="close_door_metal"/>
			<property name="SortOrder2" value="0200"/> <!-- SortDoors -->
		</block>
		
		<block name="reinforcedEntryDoorHelper">
			<property name="Extends" value="reinforcedHouseEntryDoor1"/>
			<property name="CustomIcon" value="houseFrontDoor1_v1"/>
			<property name="CreativeMode" value="Player"/>
			<property name="ItemTypeIcon" value="all_blocks"/>
			<property name="SelectAlternates" value="true" />
			<property name="PlaceAltBlockValue" value="reinforcedHouseEntryDoor1,reinforcedHouseEntryDoor2,reinforcedCommercialEntryDoor1,reinforcedCommercialEntryDoor2,reinforcedCommercialEntryDoor4,jailBars"/>
		</block>
	
	<!-- Brown Rolling Garage Door -->
		<block name="rollingGarageDoorBrown">
			<property name="Extends" value="garageDoorHousePlayer"/>
			<property name="CustomIcon" value="garageDoorHouseBrown"/>
			<property name="Model" value="Entities/Doors/garage_house_brownPrefab"/><property name="ModelOffset" value="0,0,0"/>
			<property name="ImposterExchange" value="imposterBlock" param1="43"/>
			<property name="DescriptionKey" value="rollingGarageDoorBrownDesc"/>
			<property name="SortOrder2" value="0400"/> <!-- SortDoors -->
		</block>

	
	<!-- Reinforced Garage Doors (Powered) -->
		<block name="reinforcedGarageDoor">
			<property name="Extends" value="garageDoorIndustrial_Powered"/>
			<property name="CustomIcon" value="garageDoorHouse"/>
			<property name="Model" value="Entities/Doors/garage_housePrefab"/><property name="ModelOffset" value="0,0,0"/>
			<property name="ImposterExchange" value="imposterBlock" param1="43"/>
			<property name="DescriptionKey" value="reinforcedGarageDoorDesc"/>
			<property name="SortOrder2" value="0400"/> <!-- SortDoors -->
		</block>
		<block name="reinforcedGarageDoorBrown">
			<property name="Extends" value="garageDoorIndustrial_Powered"/>
			<property name="CustomIcon" value="garageDoorHouseBrown"/>
			<property name="Model" value="Entities/Doors/garage_house_brownPrefab"/><property name="ModelOffset" value="0,0,0"/>
			<property name="ImposterExchange" value="imposterBlock" param1="43"/>
			<property name="DescriptionKey" value="reinforcedGarageDoorDesc"/>
			<property name="SortOrder2" value="0400"/> <!-- SortDoors -->
		</block>

	
	<!-- Jail Door -->
		<block name="jailDoorDynamic">
			<property name="Class" value="DoorSecure"/>
			<property name="Material" value="Msteel"/>
			<property name="CustomIcon" value="jailDoorStatic" />
			<property name="PassThroughDamage" value="true"/>
			<property name="Shape" value="ModelEntity"/>
			<property name="Collide" value="movement,melee,rocket"/> <!-- -rocket -->
			<property name="Tag" value="Door"/>
			<property name="Place" value="Door"/>
			<property name="PlaceEverywhere" value="true"/>
			<property name="AllowAllRotations" value="true"/> <!-- enables the 45 degree rotations -->
			<property name="Model" value="Entities/Doors/jail_doorPrefab"/> <property name="ModelOffset" value="0,.5,0"/>
			<property name="ImposterExclude" value="true"/>
			<property name="OpenSound" value="open_door_jail"/>
			<property name="CloseSound" value="close_door_jail"/>
			<property class="RepairItems"> <property name="forgedSteel" value="12"/> </property>
			<drop event="Harvest" name="" count="0" tool_category="Disassemble"/>
			<drop event="Destroy" count="0"/>
			<drop event="Destroy" name="resourceSpring" count="0,2" prob="1" tool_category="Disassemble"/>
			<drop event="Destroy" name="resourceMechanicalParts" count="0,2" prob="1" tool_category="Disassemble"/>
			<drop event="Harvest" name="resourceScrapIron" count="20,60"/>
			<drop event="Fall" name="scrapMetalPile" count="1" prob="0.75" stick_chance="1"/>
			<property name="Group" value="Building,advBuilding"/>
			<property name="FilterTags" value="fdecor,fdoors"/>
			<property name="DescriptionKey" value="jailDoorDynamicDesc"/>
		</block>	

	<!-- Closing Append tag for all Added Blocks -->
	</append>
	
<!-- bhwReinforcedDoors Edits End -->	

<!-- bhwSignage Edits Start -->	
	<append xpath="/blocks">
		<block name="signRoadHelper">
			<property name="Extends" value="signRoadStop"/>
			<property name="CustomIcon" value="signRoadStop"/>
			<property name="CreativeMode" value="Player"/>
			<property name="ItemTypeIcon" value="all_blocks"/>
			<property name="SelectAlternates" value="true" />
			<property name="DescriptionKey" value="signRoadHelperBlockDesc"/>
			<property name="PlaceAltBlockValue" value="signRoadStop,signRoadStop4way,signRoadSpeed25,signRoadSpeed35,signRoadSpeed45,signRoadSpeed55,signRoadSpeed65,signSchoolZone,signRoadSpeed25noTrucks,signNoHazardousWaste,signRoadWork,signRoadRoughSurface,signRoadSlow,signYardSign01,signRoadCourtlandBell,signRoadCourtlandHuenink,signRoadCourtlandMaple,signRoadCourtlandTran,signRoadDavis,signRoadEssig,signRoadLangTran,signRoadTran,signRoadMaple,signRoadPrivate,signRoadBellLake,signRoadCoronado,signRoadCoronadoCourtland,signRoadCourtlandApache,signRoadAZ260eastSpeed65,signRoadAZ260west,signRoadAZ260westSpeed65,signRoadAZ73north,signRoadAZ73northSpeed65,signRoadAZ73south,signRoadAZ73southSpeed65,signRoadCourtlandAZ260Left,signRoadCourtlandAZ260Right,signRoadApacheAZ260,signRoadArrowheadApache,signRoadDestinationsEast,signRoadDestinationsWest,signCamping,signSpillwayLake,signAnselAdamsRiver,signCampFish,signInfoCenter"/>
		</block>
		<block name="signShopLitHelper">
			<property name="Extends" value="signShopGasLit"/>
			<property name="CustomIcon" value="signShopGas"/>
			<property name="CreativeMode" value="Player"/>
			<property name="ItemTypeIcon" value="all_blocks"/>
			<property name="SelectAlternates" value="true" />
			<property name="DescriptionKey" value="signShopLitHelperBlockDesc"/>
			<property name="PlaceAltBlockValue" value="signShopGasLit,signShopGasWallLit,signShopGasLargeLit,signShopGasLargeWallLit,signShopGunStoreLit,signShopGunStoreWallLit,signShopGunStoreLargeLit,signShopGunStoreLargeWallLit,signShopBookStoreLit,signShopBookStoreWallLit,signShopBookStoreLargeLit,signShopBookStoreLargeWallLit,signShopPharmacyLit,signShopPharmacyWallLit,signShopPharmacyLargeLit,signShopPharmacyLargeWallLit,signShopToolStoreLit,signShopToolStoreWallLit,signShopToolStoreLargeLit,signShopToolStoreLargeWallLit,signShopGroceryLit,signShopGroceryWallLit,signShopGroceryLargeLit,signShopGroceryLargeWallLit"/>
		</block>
		<block name="signShopDarkHelper">
			<property name="Extends" value="signShopGas"/>
			<property name="CustomIcon" value="signShopBookStore"/>
			<property name="CreativeMode" value="Player"/>
			<property name="ItemTypeIcon" value="all_blocks"/>
			<property name="SelectAlternates" value="true" />
			<property name="DescriptionKey" value="signShopDarkHelperBlockDesc"/>
			<property name="PlaceAltBlockValue" value="signShopBookStore,signShopBookStoreWall,signShopBookStoreLarge,signShopBookStoreLargeWall,signShopGas,signShopGasWall,signShopGasLarge,signShopGasLargeWall,signShopGunStore,signShopGunStoreWall,signShopGunStoreLarge,signShopGunStoreLargeWall,signShopPharmacy,signShopPharmacyWall,signShopPharmacyLarge,signShopPharmacyLargeWall,signShopToolStore,signShopToolStoreWall,signShopToolStoreLarge,signShopToolStoreLargeWall,signShopGrocery,signShopGroceryWall,signShopGroceryLarge,signShopGroceryLargeWall"/>
		</block>
		<block name="signTraderJoelHelper">
			<property name="Extends" value="signShopTraderJoel1x3Wall"/>
			<property name="CustomIcon" value="signShopTraderJoel2x5Wall"/>
			<property name="CreativeMode" value="Player"/>
			<property name="ItemTypeIcon" value="all_blocks"/>
			<property name="SelectAlternates" value="true" />
			<property name="DescriptionKey" value="signShopTraderJoelHelperBlockDesc"/>
			<property name="PlaceAltBlockValue" value="signShopTraderJoel1x3Wall,signShopTraderJoel2x5Wall"/>
		</block>

	<!-- Closing Append tag for all Added Blocks -->
	</append>

	<!-- All set xpath edits below here -->

<!-- bhwSignage Edits End -->	

</bhwCompleteCollection>