<configs>
 <append xpath="items">

    
	<item name="DiamondAxe">
	<property name="Extends" value="meleeToolAxeT1IronFireaxe"/>
	<property name="CustomIcon" value="meleeToolAxeT2SteelAxe"/>
    <property name="CustomIconTint" value="3772f0"/>
    <property name="ItemTypeIcon" value="star"/>
	<property name="Meshfile" value="#Other/Items?Weapons/Melee/Axe/steelAxePrefab.prefab"/>
	<property name="EconomicValue" value="40000"/>
	<property name="UnlockedBy" value="DiamondAxe Schematic"/>
	<property name="Material" value="MmeleeToolAllSteel"/> <property name="Weight" value="6"/>
	<property name="ShowQuality" value="false"/>

	<property class="Action0">
		<property name="Sound_start" value="axe_swinglight"/>
	</property>
	<property class="Action1">
		<property name="Sound_start" value="axe_swingheavy"/>
	</property>

	<effect_group name="DiamondAxe">
		<passive_effect name="EntityDamage" operation="base_set" value="57.8" />
		<passive_effect name="BlockDamage" operation="base_set" value="172.4" />
		<passive_effect name="AttacksPerMinute" operation="base_set" value="47" tags="axe"/>
		<passive_effect name="StaminaLoss" operation="base_set" value="30.9" tags="primary"/>
		<passive_effect name="DegradationMax" operation="base_set" value="1100" />
		<passive_effect name="DegradationPerUse" operation="base_set" value="1" />
		<passive_effect name="MaxRange" operation="base_set" value="2.6" />
		<passive_effect name="BlockRange" operation="base_set" value="3.5" />

		<passive_effect name="ModSlots" operation="base_set" value="4" />
		<passive_effect name="ModPowerBonus" operation="perc_add" value=".10" tags="EntityDamage,BlockDamage"/>
		<passive_effect name="ModPowerBonus" operation="base_add" value="300" tags="EconomicValue"/>

		<passive_effect name="PlayerExpGain" operation="perc_add" value="-.1" tags="Harvesting"/>

		<passive_effect name="HarvestCount" operation="base_set" value=".7" tags="butcherHarvest"/>
		<passive_effect name="DamageModifier" operation="perc_add" value="-.8" tags="earth"/>
		<passive_effect name="DamageModifier" operation="perc_add" value="-.75" tags="stone"/>
		<passive_effect name="DamageModifier" operation="perc_add" value="-.75" tags="metal"/>
	</effect_group>
	<effect_group name="Power Attack">
		<passive_effect name="EntityDamage" operation="perc_add" value="1.25" tags="secondary"/>
		<passive_effect name="BlockDamage" operation="perc_add" value="1.25" tags="secondary"/>
		<passive_effect name="AttacksPerMinute" operation="perc_add" value="-.3" tags="secondary"/>
		<passive_effect name="StaminaLoss" operation="base_set" value="61.7" tags="secondary"/>
	</effect_group>
</item>
	
	
    <item name="Diamond Pickaxe">
	<property name="Extends" value="meleeToolPickT1IronPickaxe"/>
	<property name="CustomIcon" value="meleeToolPickT2SteelPickaxe"/>
    <property name="CustomIconTint" value="3772f0"/>
    <property name="ItemTypeIcon" value="star"/>
	<property name="DisplayType" value="melee"/>
	<property name="HoldType" value="4"/>
	<property name="Meshfile" value="#Other/Items?Tools/pickaxe_steelPrefab.prefab"/>
	<property name="RepairTools" value="resourceRepairKit"/>
	<property name="EconomicValue" value="700"/>
	<property name="Material" value="MmeleeToolAllSteel"/> <property name="Weight" value="6"/>
	<property name="UnlockedBy" value="Diamond Pickaxe Schematic"/>
	<property class="Action0">
		<property name="GrazeStart" value=".5"/>
		<property name="GrazeEnd" value=".6"/>
		<property name="SwingDegrees" value="65"/>
		<property name="SwingAngle" value="180"/>
		<property name="UseGrazingHits" value="true"/>
	</property>
	<property class="Action1">
		<property name="UsePowerAttackAnimation" value="true"/>
		<property name="UseGrazingHits" value="true"/>
		<property name="GrazeStart" value=".4"/>
		<property name="GrazeEnd" value=".48"/>
		<property name="SwingDegrees" value="110"/>
		<property name="SwingAngle" value="90"/>
	</property>
	<property name="Group" value="Tools/Traps"/>
	<effect_group name="Diamond Pickaxe">
		<passive_effect name="EntityDamage" operation="base_set" value="46.4" />
		<passive_effect name="BlockDamage" operation="base_set" value="125.6" />
		<passive_effect name="AttacksPerMinute" operation="base_set" value="55" />
		<passive_effect name="StaminaLoss" operation="base_set" value="26.4" tags="primary"/>
		<passive_effect name="DegradationMax" operation="base_set" value="1287" />
		<passive_effect name="DegradationPerUse" operation="base_set" value="1" />
		<passive_effect name="MaxRange" operation="base_set" value="2.6" />
		<passive_effect name="BlockRange" operation="base_set" value="3.5" />

		<passive_effect name="ModSlots" operation="base_set" value="4" />
		<passive_effect name="ModPowerBonus" operation="perc_add" value=".10" tags="EntityDamage,BlockDamage"/>
		<passive_effect name="ModPowerBonus" operation="base_add" value="300" tags="EconomicValue"/>

		<passive_effect name="PlayerExpGain" operation="perc_add" value="-.1" tags="Harvesting"/>

		<passive_effect name="DamageModifier" operation="perc_add" value="-.8" tags="wood"/>
		<passive_effect name="DamageModifier" operation="perc_add" value="-.8" tags="earth"/>
		<passive_effect name="DamageModifier" operation="perc_add" value=".8" tags="terrGravel"/>
	</effect_group>

	<effect_group name="Power Attack">
		<passive_effect name="EntityDamage" operation="perc_add" value="1.25" tags="secondary"/>
		<passive_effect name="BlockDamage" operation="perc_add" value="1.25" tags="secondary"/>
		<passive_effect name="AttacksPerMinute" operation="perc_add" value="-.3" tags="secondary"/>
		<passive_effect name="StaminaLoss" operation="base_set" value="52.7" tags="secondary"/>
	</effect_group>
</item>


    <item name="Diamond Shovel">
	<property name="Extends" value="meleeToolShovelT1IronShovel"/>
	<property name="CustomIcon" value="meleeToolShovelT2SteelShovel"/>
    <property name="CustomIconTint" value="3772f0"/>
    <property name="ItemTypeIcon" value="star"/>
	<property name="Tags" value="melee,grunting,medium,tool,longShaft,shovel,attStrength,perkMiner69r,perkMotherLode,canHaveCosmetic"/>
	<property name="Meshfile" value="#Other/Items?Tools/shovel_steelPrefab.prefab"/>
	<property name="CustomIcon" value="meleeToolShovelT1IronShovel"/>
	<property name="CustomIconTint" value="a0a0ff"/>
	<property name="RepairTools" value="resourceRepairKit"/>
	<property name="EconomicValue" value="5000"/>
	<property name="Material" value="MmeleeToolAllSteel"/> <property name="Weight" value="6"/>
	<property name="UnlockedBy" value="Diamond Shovel Schematic"/>

	<effect_group name="Diamond Shovel">
		<passive_effect name="EntityDamage" operation="base_set" value="10.4" />
		<passive_effect name="BlockDamage" operation="base_set" value="200" />
		<passive_effect name="AttacksPerMinute" operation="base_set" value="70" />
		<passive_effect name="StaminaLoss" operation="base_set" value="15" tags="primary"/>
		<passive_effect name="DegradationMax" operation="base_set" value="1100" />
		<passive_effect name="DegradationPerUse" operation="base_set" value="1" />
		<passive_effect name="MaxRange" operation="base_set" value="2.6" />
		<passive_effect name="BlockRange" operation="base_set" value="3.5" />

		<passive_effect name="ModSlots" operation="base_set" value="4" />
		<passive_effect name="ModPowerBonus" operation="perc_add" value=".10" tags="EntityDamage,BlockDamage"/>
		<passive_effect name="ModPowerBonus" operation="base_add" value="300" tags="EconomicValue"/>
		
		<passive_effect name="PlayerExpGain" operation="perc_add" value="-.1" tags="Harvesting"/>

		<passive_effect name="DamageModifier" operation="perc_add" value="-.7" tags="wood"/>
		<passive_effect name="DamageModifier" operation="perc_add" value="-.8" tags="stone"/>
		<passive_effect name="DamageModifier" operation="perc_add" value="-.8" tags="metal"/>
	</effect_group>
	<effect_group name="Power Attack">
		<passive_effect name="EntityDamage" operation="perc_add" value="1.25" tags="secondary"/>
		<passive_effect name="BlockDamage" operation="perc_add" value="1.25" tags="secondary"/>
		<passive_effect name="AttacksPerMinute" operation="perc_add" value="-.3" tags="secondary"/>
		<passive_effect name="StaminaLoss" operation="base_set" value="49.3" tags="secondary"/>
	</effect_group>
</item>


	<item name="Diamond Chainsaw">
		<property name="Tags" value="melee,heavy,tool,motorTool,attStrength,perkMiner69r,perkMotherLode,chainsaw,canHaveCosmetic"/>
		<property name="DisplayType" value="motorTool"/>
		<property name="CustomIcon" value="meleeToolAxeT3Chainsaw"/>
		<property name="CustomIconTint" value="3772f0"/>
		<property name="ItemTypeIcon" value="star"/>
		<property name="HoldType" value="19"/>
		<property name="Meshfile" value="#Other/Items?Weapons/Melee/Chainsaw/chainsaw.fbx"/>
		<property name="Material" value="MMotorToolParts"/> <property name="Weight" value="6"/>
		<property name="RepairTools" value="resourceRepairKit"/>
		<property name="SoundIdle" value="chainsaw_idle"/>
		<property name="Group" value="Tools/Traps"/>
		<property name="RepairExpMultiplier" value="10.8"/>
		<property name="EconomicValue" value="100000"/>
		<property name="UnlockedBy" value="Diamond Chainsaw Schematic"/>
		<property name="ShowQuality" value="true"/>

		<property class="Action0">
			<property name="Class" value="Ranged"/>
			<property name="Hitmask_override" value="Melee"/> <!-- "Class" value="Ranged" is hardcoded to never collide with grass regardless -->
			<property name="UseMeleeCrosshair" value="true"/>
			<property name="Single_magazine_usage" value="false"/>
			<property name="Magazine_items" value="ammoGasCan"/>
			<property name="Bullet_material" value="metal"/>
			<property name="Reload_time" value="4.1"/>
			<property name="Sound_start" value="chainsaw_fire_start"/>
			<property name="Sound_empty" value="chainsaw_empty"/>
			<property name="Sound_repeat" value="Sounds/Weapons/Motorized/Chainsaw/chainsaw_fire_lp"/>
			<property name="Sound_end" value="Sounds/Weapons/Motorized/Chainsaw/chainsaw_fire_end"/>
			<property name="Sound_reload" value="chainsaw_reload"/>
			<property name="Particles_muzzle_smoke" value="nozzlesmoke_chainsaw"/>
			<!-- <property name="DamageBonus.wood" value="10"/>
			<property name="DamageBonus.head" value="5"/> -->
			<property name="SupportHarvesting" value="true"/>
			<property name="ToolCategory.harvestingTools" value="1" param1="1"/>
		</property>

	<effect_group name="Diamond Chainsaw">
		<passive_effect name="EntityDamage" operation="base_set" value="6" />
		<passive_effect name="BlockDamage" operation="base_set" value="24.3" />
		<passive_effect name="RoundsPerMinute" operation="base_set" value="300" />
		<passive_effect name="DegradationMax" operation="base_set" value="4200" />
		<passive_effect name="DegradationPerUse" operation="base_set" value="1" />
		<passive_effect name="MaxRange" operation="base_set" value="2.35" />
		<passive_effect name="BlockRange" operation="base_set" value="3.5" />

		<passive_effect name="ModSlots" operation="base_set" value="4" />
		<passive_effect name="ModPowerBonus" operation="perc_add" value=".10" tags="EntityDamage,BlockDamage"/>
		<passive_effect name="ModPowerBonus" operation="base_add" value="300" tags="EconomicValue"/>

		<passive_effect name="SphereCastRadius" operation="base_set" value=".1"/>
		<passive_effect name="DamageFalloffRange" operation="base_set" value="100" />
		
		<passive_effect name="PlayerExpGain" operation="perc_add" value="-.3" tags="Harvesting"/>

		<passive_effect name="DamageModifier" operation="perc_add" value="-.85" tags="earth"/>
		<passive_effect name="DamageModifier" operation="perc_add" value="-.85" tags="stone"/>
		<passive_effect name="DamageModifier" operation="perc_add" value="-.85" tags="metal"/>

		<passive_effect name="BurstRoundCount" operation="base_set" value="1000" tags="perkMiner69r"/>
		<passive_effect name="MagazineSize" operation="base_set" value="300" tags="perkMiner69r"/>
		<passive_effect name="ReloadSpeedMultiplier" operation="base_set" value="1" tags="perkMiner69r"/> <!-- 3.5s -->

		<passive_effect name="SpreadDegreesVertical" operation="base_set" value=".5" tags="perkMiner69r"/>
		<passive_effect name="SpreadDegreesHorizontal" operation="base_set" value=".5" tags="perkMiner69r"/>
		<passive_effect name="KickDegreesVerticalMin" operation="base_set" value="-.25" tags="perkMiner69r"/>
		<passive_effect name="KickDegreesVerticalMax" operation="base_set" value=".25" tags="perkMiner69r"/>
		<passive_effect name="KickDegreesHorizontalMin" operation="base_set" value="-.45" tags="perkMiner69r"/>
		<passive_effect name="KickDegreesHorizontalMax" operation="base_set" value=".45" tags="perkMiner69r"/>

		<passive_effect name="IncrementalSpreadMultiplier" operation="base_set" value="1" tags="perkMiner69r"/>
		<passive_effect name="WeaponHandling" operation="base_set" value="5" tags="perkMiner69r"/>
	</effect_group>
</item>


	<item name="Diamond Auger">
		<property name="Tags" value="melee,heavy,tool,motorTool,attStrength,perkMiner69r,perkMotherLode,miningTool,canHaveCosmetic"/>
		<property name="DisplayType" value="motorTool"/>
		<property name="CustomIcon" value="meleeToolPickT3Auger"/>
		<property name="CustomIconTint" value="3772f0"/>
		<property name="ItemTypeIcon" value="star"/>
		<property name="HoldType" value="20"/>
		<property name="Meshfile" value="#Other/Items?Tools/augerPrefab.prefab"/>
		<property name="Material" value="MMotorToolParts"/> <property name="Weight" value="6"/>
		<property name="RepairTools" value="resourceRepairKit"/>
		<property name="SoundIdle" value="Auger_Idle"/>
		<property name="Particles_muzzle_smoke" value="nozzlesmoke_chainsaw"/>
		<property name="Group" value="Tools/Traps"/>
		<property name="RepairExpMultiplier" value="10.8"/>
		<property name="EconomicValue" value="100000"/>
		<property name="UnlockedBy" value="Diamond Auger Schematic"/>
		<property name="ShowQuality" value="true"/>

		<property class="Action0">
			<property name="Class" value="Ranged"/>
			<property name="Hitmask_override" value="Melee"/>
			<property name="UseMeleeCrosshair" value="true"/>
			<property name="Single_magazine_usage" value="false"/>
			<property name="Magazine_items" value="ammoGasCan"/>
			<property name="Bullet_material" value="metal"/>
			<property name="Reload_time" value="4.1"/>
			<property name="Sound_start" value="Auger_Fire_Start"/>
			<property name="Sound_repeat" value="Weapons/Motorized/Auger/auger_fire_lp"/>
			<property name="Sound_end" value="Weapons/Motorized/Auger/auger_fire_end"/>
			<property name="Sound_empty" value="auger_empty"/>
			<property name="Sound_reload" value="Auger_Reload"/>
			<property name="Particles_muzzle_smoke" value="nozzlesmoke_chainsaw"/>
			<!-- <property name="DamageBonus.wood" value=".25"/> -->
			<!-- <property name="DamageBonus.head" value="3"/> -->
			<property name="SupportHarvesting" value="true"/>
			<property name="ToolCategory.harvestingTools" value="1" param1="1"/>
		</property>

	<effect_group name="Diamond Auger">
		<passive_effect name="EntityDamage" operation="base_set" value="8.4" />
		<passive_effect name="BlockDamage" operation="base_set" value="41.4" />
		<passive_effect name="RoundsPerMinute" operation="base_set" value="300" />
		<passive_effect name="DegradationMax" operation="base_set" value="4200" />
		<passive_effect name="DegradationPerUse" operation="base_set" value="1" />
		<passive_effect name="MaxRange" operation="base_set" value="2.35" />
		<passive_effect name="BlockRange" operation="base_set" value="3.5" />

		<passive_effect name="ModSlots" operation="base_set" value="4" />
		<passive_effect name="ModPowerBonus" operation="perc_add" value=".10" tags="EntityDamage,BlockDamage"/>
		<passive_effect name="ModPowerBonus" operation="base_add" value="300" tags="EconomicValue"/>

		<passive_effect name="SphereCastRadius" operation="base_set" value=".1"/>
		<passive_effect name="DamageFalloffRange" operation="base_set" value="100" />
		
		<passive_effect name="PlayerExpGain" operation="perc_add" value="-.3" tags="Harvesting"/>		

		<passive_effect name="DamageModifier" operation="perc_add" value="-.8" tags="wood"/>
		<passive_effect name="BurstRoundCount" operation="base_set" value="1000" tags="perkMiner69r"/>
		<passive_effect name="MagazineSize" operation="base_set" value="300" tags="perkMiner69r"/>
		<passive_effect name="ReloadSpeedMultiplier" operation="base_set" value="1" tags="perkMiner69r"/> <!-- 3.5s -->

		<passive_effect name="SpreadDegreesVertical" operation="base_set" value=".5" tags="perkMiner69r"/>
		<passive_effect name="SpreadDegreesHorizontal" operation="base_set" value=".5" tags="perkMiner69r"/>
		<passive_effect name="KickDegreesVerticalMin" operation="base_set" value="-.35" tags="perkMiner69r"/>
		<passive_effect name="KickDegreesVerticalMax" operation="base_set" value=".35" tags="perkMiner69r"/>
		<passive_effect name="KickDegreesHorizontalMin" operation="base_set" value="-.35" tags="perkMiner69r"/>
		<passive_effect name="KickDegreesHorizontalMax" operation="base_set" value=".35" tags="perkMiner69r"/>

		<passive_effect name="IncrementalSpreadMultiplier" operation="base_set" value="1" tags="perkMiner69r"/>
		<passive_effect name="WeaponHandling" operation="base_set" value="5" tags="perkMiner69r"/>
	</effect_group>
</item>


    <item name="Diamond ImpactDriver">
	<property name="Tags" value="blunt,melee,grunting,light,tool,attPerception,perkSalvageOperations,canHaveCosmetic"/>
	<property name="DisplayType" value="melee"/>
	<property name="CustomIcon" value="meleeToolSalvageT3ImpactDriver"/>
    <property name="CustomIconTint" value="3772f0"/>
    <property name="ItemTypeIcon" value="star"/>
	<property name="HoldType" value="74"/>
	<property name="Meshfile" value="#Other/Items?Tools/impactDriverPrefab.prefab"/>
	<property name="Material" value="MMotorToolParts"/> <property name="Weight" value="6"/>
	<property name="RepairTools" value="resourceRepairKit"/>
	<property name="DegradationBreaksAfter" value="false"/>
	<property name="SoundJammed" value="ItemNeedsRepair"/>
	<property name="SoundDestroy" value="metaldestroy"/>
	<property name="EconomicValue" value="10000"/>
	<property name="UnlockedBy" value="Diamond ImpactDriver Schematic"/>
	<property name="ShowQuality" value="true"/>
	<property name="Stacknumber" value="1"/>
	<property class="Action0">
		<property name="Class" value="DynamicMelee"/>
		<property name="Sound_start" value="swoosh"/>
		<property name="ToolCategory.harvestingTools" value=".5" param1="1"/>
		<property name="ToolCategory.Disassemble" value="1" param1="1"/>
		<property name="Particle_harvesting" value="true" param1="metal"/>

		<property name="UseGrazingHits" value="true"/>
		<property name="GrazeStart" value=".25"/>
		<property name="GrazeEnd" value=".3"/>
		<property name="SwingDegrees" value="50"/>
		<property name="SwingAngle" value="180"/>
	</property>

	<property class="Action1">
		<property name="Class" value="DynamicMelee"/>
		<property name="Sound_start" value="swoosh"/>
		<property name="ToolCategory.harvestingTools" value=".5" param1="1"/>
		<!-- <property name="UsePowerAttackAnimation" value="true"/> -->
	</property>

	<effect_group name="Diamond ImpactDriver">
		<passive_effect name="EntityDamage" operation="base_set" value="16.5" />
		<passive_effect name="BlockDamage" operation="base_set" value="116" />
		<passive_effect name="AttacksPerMinute" operation="base_set" value="50" />
		<passive_effect name="StaminaLoss" operation="base_set" value="24.7" tags="primary"/>
		<passive_effect name="DegradationMax" operation="base_set" value="1100" />

		<passive_effect name="DegradationPerUse" operation="base_set" value="1" />
		<passive_effect name="MaxRange" operation="base_set" value="2.4" />
		<passive_effect name="BlockRange" operation="base_set" value="3.5" />

		<passive_effect name="ModSlots" operation="base_set" value="4" />
		<passive_effect name="ModPowerBonus" operation="perc_add" value=".10" tags="EntityDamage,BlockDamage"/>
		<passive_effect name="ModPowerBonus" operation="base_add" value="300" tags="EconomicValue"/>

		<passive_effect name="DamageModifier" operation="perc_add" value="-.5" tags="wood"/>
		<passive_effect name="DamageModifier" operation="perc_add" value="-.75" tags="earth"/>
		<passive_effect name="DamageModifier" operation="perc_add" value="-.5" tags="stone"/>

		<passive_effect name="HarvestCount" operation="base_set" value="1" tags="salvageHarvest"/>
	</effect_group>
	<effect_group name="Power Attack">
		<passive_effect name="EntityDamage" operation="perc_add" value="1" tags="secondary"/>
		<passive_effect name="BlockDamage" operation="perc_add" value="1" tags="secondary"/>
		<passive_effect name="StaminaLoss" operation="base_set" value="41.9" tags="secondary"/>
	</effect_group>
	<property name="Group" value="Tools/Traps"/>
	<property name="RepairExpMultiplier" value="5.5"/>
</item>


    <item name="Farmers Machete">
	<property name="Tags" value="machete,melee,grunting,light,longShaft,perkFlurryOfBlows,weapon,meleeWeapon,attAgility,perkDeepCuts,perkTheHuntsman,canHaveCosmetic"/>
	<property name="DisplayType" value="meleeKnife"/>
	<property name="CustomIcon" value="meleeWpnBladeT3Machete"/>
    <property name="CustomIconTint" value="3772f0"/>
    <property name="ItemTypeIcon" value="star"/>
	<property name="HoldType" value="47"/>
	<property name="Meshfile" value="#Other/Items?Weapons/Melee/Knives/machetePrefab.prefab"/>
	<property name="Material" value="MmeleeWpnBladeParts"/> <property name="Weight" value="6"/>
	<property name="RepairTools" value="resourceRepairKit"/>
	<property name="DegradationBreaksAfter" value="false"/>
	<property name="EconomicValue" value="7000"/>
	<property name="SoundJammed" value="ItemNeedsRepair"/>
	<property name="SoundDestroy" value="wooddestroy1"/>
	<property name="Group" value="Ammo/Weapons"/>
	<property name="RepairExpMultiplier" value="5.5"/>
	<property name="UnlockedBy" value="Farmers Machete Schematic"/>
	<property name="ShowQuality" value="true"/>

	<property class="Action0">
		<property name="Class" value="DynamicMelee"/>
		<property name="Damage_type" value="Slashing"/>
		<property name="Sphere" value=".15"/>   <!-- limit to 0.15, else the sphere cast can overlap the target already -->
		<property name="Sound_start" value="machete_swinglight"/>
		<property name="ToolCategory.Butcher" value="0" param1="4.7"/>
			<!-- This triggers the use of the special corpse harvesting animation if there is a matching harvest event.
			Also, param1  is the damage multiplier for corpse harvesting. -->
		<property name="UseGrazingHits" value="true"/>
		<property name="GrazeStart" value=".28"/>
		<property name="GrazeEnd" value=".4"/>
		<property name="SwingDegrees" value="80"/>
		<property name="SwingAngle" value="130"/>
		<property class="HitSounds">
			<property name="Override0" value="organic" param1="metalslashorganic"/>
		</property>
		<property class="GrazeSounds">
			<property name="Override0" value="organic" param1="metalgrazeorganic"/>
		</property>
	</property>
	<property class="Action1">
		<property name="Class" value="DynamicMelee"/>
		<property name="Damage_type" value="Slashing"/>
		<property name="Sphere" value=".15"/>   <!-- limit to 0.15, else the sphere cast can overlap the target already -->
		<property name="Sound_start" value="machete_swingheavy"/>
		<property name="ToolCategory.Butcher" value="0" param1="4.7"/>
		<property name="UsePowerAttackAnimation" value="true"/>

		<property name="UseGrazingHits" value="true"/>
		<property name="IsHorizontalSwing" value="true"/>
		<property name="GrazeStart" value=".3"/>
		<property name="GrazeEnd" value=".4"/>
		<property name="SwingDegrees" value="-80"/>
		<property name="SwingAngle" value="-60"/>
		<property class="HitSounds">
			<property name="Override0" value="organic" param1="metalslashorganic"/>
		</property>
		<property class="GrazeSounds">
			<property name="Override0" value="organic" param1="metalgrazeorganic"/>
		</property>
	</property>
	<effect_group name="Farmers Machete">
		<passive_effect name="EntityDamage" operation="base_set" value="1" />
		<passive_effect name="BlockDamage" operation="base_set" value="1" />
		<passive_effect name="AttacksPerMinute" operation="base_set" value="200" />
		<passive_effect name="StaminaLoss" operation="base_set" value="0.1" tags="primary"/>
		<passive_effect name="DegradationMax" operation="base_set" value="1673" />
		<passive_effect name="DegradationPerUse" operation="base_set" value="1" />
		<passive_effect name="MaxRange" operation="base_set" value="2.3" />
		<passive_effect name="BlockRange" operation="base_set" value="3.5" />

		<passive_effect name="ModSlots" operation="base_set" value="4" />
		<passive_effect name="ModPowerBonus" operation="perc_add" value=".10" tags="EntityDamage,BlockDamage"/>
		<passive_effect name="ModPowerBonus" operation="base_add" value="300" tags="EconomicValue"/>

		<passive_effect name="DamageModifier" operation="perc_add" value="-.8" tags="earth"/>
		<passive_effect name="DamageModifier" operation="perc_add" value="-.8" tags="stone"/>
		<passive_effect name="DamageModifier" operation="perc_add" value="-.8" tags="metal"/>
		<passive_effect name="HarvestCount" operation="base_set" value="1" tags="butcherHarvest"/>
		<!--<passive_effect name="BlockDamage" operation="perc_add" value="1.5" tags="blockButcher"/>-->
	</effect_group>
	<effect_group name="Power Attack">
		<passive_effect name="EntityDamage" operation="perc_add" value="1" tags="secondary"/>
		<passive_effect name="BlockDamage" operation="perc_add" value="1" tags="secondary"/>
		<passive_effect name="StaminaLoss" operation="base_set" value="32.7" tags="secondary"/>
	</effect_group>
	<effect_group name="sneak damage bonus">
		<requirement name="CVarCompare" cvar="_crouching" operation="Equals" value="1"/>
		<requirement name="CVarCompare" cvar="_notAlerted" operation="GT" value="0" target="other"/>
			<passive_effect name="DamageBonus" operation="base_add" value="4"/>
			<passive_effect name="EntityDamage" operation="perc_add" value="4" tags="perkDeepCuts"/>
			<display_value name="dEntityDamageSneak" value="4"/>
	</effect_group>
</item>










<!-- Schematics -->

<item name="DiamondAxe Schematic">
	<property name="Extends" value="schematicMaster"/>
	<property name="CreativeMode" value="Player"/>
	<property name="CustomIcon" value="meleeToolAxeT2SteelAxe"/>
	<property name="CustomIconTint" value="3772f0"/>
	<property name="Unlocks" value="DiamondAxe"/>
	<effect_group tiered="false">
		<triggered_effect trigger="onSelfPrimaryActionEnd" action="ModifyCVar" cvar="DiamondAxe" operation="set" value="1"/>
		<triggered_effect trigger="onSelfPrimaryActionEnd" action="GiveExp" exp="50"/>
	</effect_group>
</item>
	
<item name="Diamond Pickaxe Schematic">
	<property name="Extends" value="schematicMaster"/>
	<property name="CreativeMode" value="Player"/>
	<property name="CustomIcon" value="meleeToolPickT2SteelPickaxe"/>
	<property name="CustomIconTint" value="3772f0"/>
	<property name="Unlocks" value="Diamond Pickaxe"/>
	<effect_group tiered="false">
		<triggered_effect trigger="onSelfPrimaryActionEnd" action="ModifyCVar" cvar="Diamond Pickaxe" operation="set" value="1"/>
		<triggered_effect trigger="onSelfPrimaryActionEnd" action="GiveExp" exp="50"/>
	</effect_group>
</item>

    <item name="Diamond Shovel Schematic">
	<property name="Extends" value="schematicMaster"/>
	<property name="CreativeMode" value="Player"/>
	<property name="CustomIcon" value="meleeToolShovelT1IronShovel"/>
	<property name="CustomIconTint" value="3772f0"/>
	<property name="Unlocks" value="Diamond Shovel"/>
	<effect_group tiered="false">
		<triggered_effect trigger="onSelfPrimaryActionEnd" action="ModifyCVar" cvar="Diamond Shovel" operation="set" value="1"/>
		<triggered_effect trigger="onSelfPrimaryActionEnd" action="GiveExp" exp="50"/>
	</effect_group>
</item>

    <item name="Diamond Chainsaw Schematic">
	<property name="Extends" value="schematicMaster"/>
	<property name="CreativeMode" value="Player"/>
	<property name="CustomIcon" value="meleeToolAxeT3Chainsaw"/>
	<property name="CustomIconTint" value="3772f0"/>
	<property name="Unlocks" value="Diamond Chainsaw"/>
	<effect_group tiered="false">
		<triggered_effect trigger="onSelfPrimaryActionEnd" action="ModifyCVar" cvar="Diamond Chainsaw" operation="set" value="1"/>
		<triggered_effect trigger="onSelfPrimaryActionEnd" action="GiveExp" exp="50"/>
	</effect_group>
</item>

    <item name="Diamond Auger Schematic">
	<property name="Extends" value="schematicMaster"/>
	<property name="CreativeMode" value="Player"/>
	<property name="CustomIcon" value="meleeToolPickT3Auger"/>
	<property name="CustomIconTint" value="3772f0"/>
	<property name="Unlocks" value="Diamond Auger"/>
	<effect_group tiered="false">
		<triggered_effect trigger="onSelfPrimaryActionEnd" action="ModifyCVar" cvar="Diamond Auger" operation="set" value="1"/>
		<triggered_effect trigger="onSelfPrimaryActionEnd" action="GiveExp" exp="50"/>
	</effect_group>
</item>

    <item name="Diamond ImpactDriver Schematic">
	<property name="Extends" value="schematicMaster"/>
	<property name="CreativeMode" value="Player"/>
	<property name="CustomIcon" value="meleeToolSalvageT3ImpactDriver"/>
	<property name="CustomIconTint" value="3772f0"/>
	<property name="Unlocks" value="Diamond ImpactDriver"/>
	<effect_group tiered="false">
		<triggered_effect trigger="onSelfPrimaryActionEnd" action="ModifyCVar" cvar="Diamond ImpactDriver" operation="set" value="1"/>
		<triggered_effect trigger="onSelfPrimaryActionEnd" action="GiveExp" exp="50"/>
	</effect_group>
</item>

    <item name="Farmers Machete Schematic">
	<property name="Extends" value="schematicMaster"/>
	<property name="CreativeMode" value="Player"/>
	<property name="CustomIcon" value="meleeWpnBladeT3Machete"/>
	<property name="CustomIconTint" value="3772f0"/>
	<property name="Unlocks" value="Farmers Machete"/>
	<effect_group tiered="false">
		<triggered_effect trigger="onSelfPrimaryActionEnd" action="ModifyCVar" cvar="Farmers Machete" operation="set" value="1"/>
		<triggered_effect trigger="onSelfPrimaryActionEnd" action="GiveExp" exp="50"/>
	</effect_group>
</item>




  </append>
</configs>