<configs>
    <append xpath="//lootgroup[@name='rareBooks']">
        <item group="DiamondTools" count="1" prob="1"/>
    </append>
    


    <insertBefore xpath="//lootgroup[@name='rareBooks']">
	<lootgroup name="DiamondTools">
	    <item name="DiamondAxe Schematic"/>
		<item name="Diamond Pickaxe Schematic"/>
		<item name="Diamond Shovel Schematic"/>
		<item name="Diamond Chainsaw Schematic"/>
		<item name="Diamond Auger Schematic"/>
		<item name="Diamond ImpactDriver Schematic"/>
		<item name="Farmers Machete Schematic"/>
	    
	</lootgroup>
    </insertBefore>	

</configs>