<configs>
  <remove xpath="/recipes/recipe[@name='resourceCement' and @craft_area='forge']" />
  <remove xpath="/recipes/recipe[@name='resourceConcreteMix']/ingredient[@name='resourceCrushedSand']" />
  <append xpath="/recipes">
    <recipe name="resourceCement" count="1" material_based="true" craft_area="cementMixer" tags="cementMixerCrafting,perkAdvancedEngineering">
      <ingredient name="resourceCrushedSand" count="10" />
	    <effect_group>
		  <passive_effect name="CraftingIngredientCount" operation="perc_add" level="0,1,2,3,4" value=".25,.25,.25,.177,.12" tags="resourceCrushedSand"/>
	    </effect_group>
	
    </recipe>
  </append>
</configs>
