<configs>
  <set xpath="buffs/buff[@name='buffStatusCheck01']/effect_group/triggered_effect[@buff='buffStatusHungry01']/requirement[@name='StatComparePercModMaxToMax']/@value">0.35</set>
  <set xpath="buffs/buff[@name='buffStatusCheck01']/effect_group/triggered_effect[@buff='buffStatusHungry02']/requirement[@name='StatComparePercModMaxToMax']/@value">0.15</set>
  <set xpath="buffs/buff[@name='buffStatusCheck01']/effect_group/triggered_effect[@buff='buffStatusThirsty01']/requirement[@name='StatComparePercCurrentToMax']/@value">0.35</set>
  <set xpath="buffs/buff[@name='buffStatusCheck01']/effect_group/triggered_effect[@buff='buffStatusThirsty02']/requirement[@name='StatComparePercCurrentToMax']/@value">0.15</set>
</configs>
