<configs>

    <append xpath="/recipes">
	
	    <recipe name="Lightning Bolt Mod" count="1" craft_time="1800" craft_area="Weapons Machine" >
	<ingredient name="resourceAcid" count="50"/>
	<ingredient name="resourceRawDiamond" count="5"/>
	<ingredient name="resourceGunPowder" count="100"/>
	<ingredient name="resourceSilverNugget" count="50"/>
	<ingredient name="meleeStunBaton" count="10"/>
</recipe>
	
	
	
	    <recipe name="Burn Them All Mod" count="1" craft_time="1800" craft_area="Weapons Machine" >
	<ingredient name="resourceAcid" count="50"/>
	<ingredient name="resourceRawDiamond" count="5"/>
	<ingredient name="resourceGunPowder" count="100"/>
	<ingredient name="resourceSilverNugget" count="50"/>
	<ingredient name="thrownAmmoMolotovCocktail" count="20"/>
</recipe>
	
	
	
	
	
	</append>
</configs>