<modtipsyguns>

	<append xpath="/recipes">


	
<!-- 	<recipe name="Colt Blueprint" count="1" craft_area="Weapons Machine">
		<ingredient name="gunPistolParts" count="10"/>
		<ingredient name="AdvanceMechaParts" count="20"/>
		<ingredient name="GunBarrels" count="20"/>
		<ingredient name="GunKit" count="1"/>
	</recipe>	-->	
	
	<recipe name="The Colt" count="1" craft_area="Weapons Machine">
		<ingredient name="AdvanceMechaParts" count="50"/>
		<ingredient name="Colt Parts" count="500"/>
		<ingredient name="GunTape" count="20"/>
		<ingredient name="Colt Barrel" count="5"/>
<!-- 		<ingredient name="Colt Blueprint" count="1"/>-->	
	</recipe>

	<recipe name="D-Eagle" count="1" craft_area="Weapons Machine">
		<ingredient name="AdvanceMechaParts" count="50"/>
		<ingredient name="D-Eagle Parts" count="450"/>
		<ingredient name="GunTape" count="20"/>
		<ingredient name="D-Eagle Barrel" count="5"/>
<!-- 		<ingredient name="Colt Blueprint" count="1"/>-->	
	</recipe>	
	
	<recipe name="Vector" count="1" craft_area="Weapons Machine">
		<ingredient name="AdvanceMechaParts" count="50"/>
		<ingredient name="Vector Parts" count="700"/>
		<ingredient name="GunTape" count="20"/>
		<ingredient name="Vector Barrel" count="8"/>
<!-- 		<ingredient name="Colt Blueprint" count="1"/>-->	
	</recipe>		
	
	</append>
</modtipsyguns>