<configs>
	<append xpath="/recipes">
		<recipe name="Polearm" count="1" craft_area="Weapons Machine" tags="learnable">
			<ingredient name="Polearm Parts" count="15"/>
			<ingredient name="Perfect Steel" count="20"/>
			<ingredient name="resourceWood" count="30"/>
			<ingredient name="resourceLeather" count="10"/>
			<ingredient name="GunTape" count="10"/>
		</recipe>
		<recipe name="RailgunAmmo" count="1" craft_area="Weapons Machine" craft_time="10">
			<ingredient name="ammoDartIron" count="4"/>
			<ingredient name="resourceForgedSteel" count="4"/>
		</recipe>
		<recipe name="Energy Cells" count="1000" craft_area="chemistryStation" craft_time="480">
			<ingredient name="resourceAcid" count="8"/>
			<ingredient name="carBattery" count="8"/>
			<ingredient name="resourceScrapLead" count="800"/>
			<ingredient name="resourcePotassiumNitratePowder" count="800"/>
		</recipe>
		<recipe name="Energy Cells" count="100" craft_area="chemistryStation" craft_time="60">
			<ingredient name="resourceAcid" count="1"/>
			<ingredient name="resourceScrapLead" count="100"/>
			<ingredient name="resourcePotassiumNitratePowder" count="100"/>
			<ingredient name="carBattery" count="1"/>
		</recipe>
		<recipe name="Gamma Round" count="100" craft_area="chemistryStation" craft_time="1500">
			<ingredient name="resourceAcid" count="180"/>
			<ingredient name="foodRottingFlesh" count="800"/>
			<ingredient name="resourceScrapPolymers" count="1800"/>
		</recipe>
		<recipe name="Gamma Round" count="1" craft_area="chemistryStation" craft_time="20">
			<ingredient name="resourceAcid" count="2"/>
			<ingredient name="foodRottingFlesh" count="10"/>
			<ingredient name="resourceScrapPolymers" count="20"/>
		</recipe>
		<recipe name="Railgun" count="1" craft_area="Weapons Machine" craft_time="240" tags="learnable,railgun">
			<ingredient name="Railgun Part1" count="40"/>
			<ingredient name="Railgun Part2" count="25"/>
			<ingredient name="Perfect Steel" count="300"/>
			<ingredient name="AdvanceMechaParts" count="75"/>
			<ingredient name="AdvanceElectricParts" count="120"/>
		</recipe>
		<recipe name="CrossbowMag" count="1" craft_area="Weapons Machine" craft_time="240" tags="learnable,crossbowmag">
			<ingredient name="CrossbowMag Part1" count="1"/>
			<ingredient name="CrossbowMag Part2" count="25"/>
			<ingredient name="Perfect Steel" count="50"/>
			<ingredient name="GunTape" count="20"/>
			<ingredient name="AdvanceMechaParts" count="40"/>
		</recipe>
		<recipe name="Thor Hammer" count="1" craft_area="Weapons Machine" craft_time="240" tags="learnable,thorhammer">
			<ingredient name="ThorHammer Part1" count="20"/>
			<ingredient name="ThorHammer Part2" count="20"/>
			<ingredient name="Perfect Steel" count="50"/>
			<ingredient name="GunTape" count="20"/>
			<ingredient name="AdvanceElectricParts" count="40"/>
		</recipe>
	</append>
</configs>