<configs>
	<append xpath="/bodies">
		
	<body name="shark">
		<collider>
			<property name="tag" value="E_BP_Body"/>
			<property name="path" value="Hips/Spine/Spine1/Spine2"/>
			<property name="collisionLayer" value="0"/>
			<property name="ragdollLayer" value="0"/>
			<property name="collisionScale" value="1 .3 1"/>
			<property name="ragdollScale" value="1 0.36 1"/>
			<property name="collisionOffset" value="0 0 0"/>
			<property name="ragdollOffset" value="0 0.05 -0.08"/>
			<property name="type" value="Detail"/>
			<property name="flags" value="collision;ragdoll"/>
		</collider>
	</body>
		<body name="nolegsUMA">
			<collider>
				<property name="tag" value="E_BP_Body"/>
				<property name="path" value="Hips"/>
				<property name="collisionLayer" value="0"/>
				<property name="ragdollLayer" value="0"/>
				<property name="collisionScale" value="1 1 1"/>
				<property name="ragdollScale" value="1 1 1"/>
				<property name="collisionOffset" value="0 0 0"/>
				<property name="ragdollOffset" value="0 0 0"/>
				<property name="type" value="Detail"/>
				<property name="flags" value="collision;ragdoll"/>
			</collider>
			<collider>
				<property name="tag" value="E_BP_Body"/>
				<property name="path" value="Hips/LowerBack/Spine/Spine1"/>
				<property name="collisionLayer" value="0"/>
				<property name="ragdollLayer" value="0"/>
				<property name="collisionScale" value="1 1 1"/>
				<property name="ragdollScale" value="1 1 1"/>
				<property name="collisionOffset" value="0 0 0"/>
				<property name="ragdollOffset" value="0 0 0"/>
				<property name="type" value="Detail"/>
				<property name="flags" value="collision;ragdoll"/>
			</collider>
			<collider>
				<property name="tag" value="E_BP_LArm"/>
				<property name="path" value="Hips/LowerBack/Spine/Spine1/LeftShoulder/LeftArm"/>
				<property name="collisionLayer" value="0"/>
				<property name="ragdollLayer" value="0"/>
				<property name="collisionScale" value="1 1 1"/>
				<property name="ragdollScale" value="1 1 1"/>
				<property name="collisionOffset" value="0 0 0"/>
				<property name="ragdollOffset" value="0 0 0"/>
				<property name="type" value="Detail"/>
				<property name="flags" value="collision;ragdoll"/>
			</collider>
			<collider>
				<property name="tag" value="E_BP_LArm"/>
				<property name="path" value="Hips/LowerBack/Spine/Spine1/LeftShoulder/LeftArm/LeftForeArm"/>
				<property name="collisionLayer" value="0"/>
				<property name="ragdollLayer" value="0"/>
				<property name="collisionScale" value="0.7 1 1"/>
				<property name="ragdollScale" value="1 1 1"/>
				<property name="collisionOffset" value="0 0 0"/>
				<property name="ragdollOffset" value="0 0 0"/>
				<property name="type" value="Detail"/>
				<property name="flags" value="collision;ragdoll"/>
			</collider>
			<collider>
				<property name="tag" value="E_BP_RArm"/>
				<property name="path" value="Hips/LowerBack/Spine/Spine1/RightShoulder/RightArm"/>
				<property name="collisionLayer" value="0"/>
				<property name="ragdollLayer" value="0"/>
				<property name="collisionScale" value="1 1 1"/>
				<property name="ragdollScale" value="1 1 1"/>
				<property name="collisionOffset" value="0 0 0"/>
				<property name="ragdollOffset" value="0 0 0"/>
				<property name="type" value="Detail"/>
				<property name="flags" value="collision;ragdoll"/>
			</collider>
			<collider>
				<property name="tag" value="E_BP_RArm"/>
				<property name="path" value="Hips/LowerBack/Spine/Spine1/RightShoulder/RightArm/RightForeArm"/>
				<property name="collisionLayer" value="0"/>
				<property name="ragdollLayer" value="0"/>
				<property name="collisionScale" value="0.7 1 1"/>
				<property name="ragdollScale" value="1 1 1"/>
				<property name="collisionOffset" value="0 0 0"/>
				<property name="ragdollOffset" value="0 0 0"/>
				<property name="type" value="Detail"/>
				<property name="flags" value="collision;ragdoll"/>
			</collider>
			<collider>
				<property name="tag" value="E_BP_Head"/>
				<property name="path" value="Hips/LowerBack/Spine/Spine1/Neck/Head"/>
				<property name="collisionLayer" value="0"/>
				<property name="ragdollLayer" value="0"/>
				<property name="collisionScale" value="1 1 1"/>
				<property name="ragdollScale" value="1 1 1"/>
				<property name="collisionOffset" value="0 0 0"/>
				<property name="ragdollOffset" value="0 0 0"/>
				<property name="type" value="Detail"/>
				<property name="flags" value="collision;ragdoll"/>
			</collider>
		</body>
	</append>
</configs>
