<configs>

<append xpath="/blocks">
		<block name="BJ">
			<property name="CustomIcon" value="cntVendingMachine"/>
			<property name="CustomIconTint" value="0,0,200"/>
			<property name="Class" value="Workstation"/>
			<property name="Material" value="Mmetal"/>
			<property name="MaxDamage" value="2000000"/>
			<property name="StabilitySupport" value="false"/>
			<property name="Shape" value="ModelEntity"/>
			<property name="Path" value="solid"/>
			<property name="Model" value="Entities/Crafting/vending_machine_playerPrefab"/>
			<property name="MultiBlockDim" value="1,2,1"/>
			<property name="ImposterExchange" value="imposterBlock" param1="143"/>
			<property name="OnlySimpleRotations" value="true"/>
			<property name="Place" value="TowardsPlacerInverted"/>
			<property name="Collide" value="sight,movement,melee,bullet,arrow,rocket"/>

			<property class="Workstation">
				<property name="Modules" value="output"/>		
				<property name="CraftingAreaRecipes" value="BJ"/>
			</property>
			<property name="WorkstationIcon" value="ui_game_symbol_workbench" />
			<property name="OpenSound" value="open_workbench" />
			<property name="CloseSound" value="close_workbench" />
			<property name="CraftSound" value="ui_vending_purchase"/>
			<property name="CraftCompleteSound" value="ui_trader_purchase"/>

			<property name="TakeDelay" value="15"/>
			<property name="Group" value="Basics,Building"/>
			<property name="SellableToTrader" value="false"/>	
			<property name="FilterTags" value="fdecor,fother,ffurniture"/>
			<property name="SortOrder1" value="70i0"/>
		</block>
		<block name="Slot01">
			<property name="CustomIcon" value="cntVendingMachine"/>
			<property name="CustomIconTint" value="225,200,200"/>
			<property name="Class" value="Workstation"/>
			<property name="Material" value="Mmetal"/>
			<property name="MaxDamage" value="2000000"/>
			<property name="StabilitySupport" value="false"/>
			<property name="Shape" value="ModelEntity"/>
			<property name="Path" value="solid"/>
			<property name="Model" value="Entities/Crafting/vending_machine_playerPrefab"/>
			<property name="MultiBlockDim" value="1,2,1"/>
			<property name="ImposterExchange" value="imposterBlock" param1="143"/>
			<property name="OnlySimpleRotations" value="true"/>
			<property name="Place" value="TowardsPlacerInverted"/>
			<property name="Collide" value="sight,movement,melee,bullet,arrow,rocket"/>

			<property class="Workstation">
				<property name="Modules" value="output"/>		
				<property name="CraftingAreaRecipes" value="Slot01"/>
			</property>
			<property name="WorkstationIcon" value="ui_game_symbol_workbench" />
			<property name="OpenSound" value="open_workbench" />
			<property name="CloseSound" value="close_workbench" />
			<property name="CraftSound" value="ui_vending_purchase"/>
			<property name="CraftCompleteSound" value="ui_trader_purchase"/>

			<property name="TakeDelay" value="15"/>
			<property name="Group" value="Basics,Building"/>
			<property name="SellableToTrader" value="false"/>	
			<property name="FilterTags" value="fdecor,fother,ffurniture"/>
			<property name="SortOrder1" value="70i0"/>
		</block>
		<block name="Slot02">
			<property name="Extends" value="Slot01"/>
			<property name="CustomIcon" value="cntVendingMachine"/>
			<property name="CustomIconTint" value="225,200,200"/>
		</block>
		<block name="Slot03">
			<property name="Extends" value="Slot01"/>
			<property name="CustomIcon" value="cntVendingMachine"/>
			<property name="CustomIconTint" value="225,200,200"/>
		</block>
		<block name="Slot04">
			<property name="Extends" value="Slot01"/>
			<property name="CustomIcon" value="cntVendingMachine"/>
			<property name="CustomIconTint" value="225,200,200"/>
		</block>
		<block name="Slot05">
			<property name="Extends" value="Slot01"/>
			<property name="CustomIcon" value="cntVendingMachine"/>
			<property name="CustomIconTint" value="225,200,200"/>
		</block>
		<block name="Slot06">
			<property name="Extends" value="Slot01"/>
			<property name="CustomIcon" value="cntVendingMachine"/>
			<property name="CustomIconTint" value="225,200,200"/>
		</block>
		<block name="Slot07">
			<property name="Extends" value="Slot01"/>
			<property name="CustomIcon" value="cntVendingMachine"/>
			<property name="CustomIconTint" value="225,200,200"/>
		</block>
		<block name="Slot08">
			<property name="Extends" value="Slot01"/>
			<property name="CustomIcon" value="cntVendingMachine"/>
			<property name="CustomIconTint" value="225,200,200"/>
		</block>
		<block name="Slot09">
			<property name="Extends" value="Slot01"/>
			<property name="CustomIcon" value="cntVendingMachine"/>
			<property name="CustomIconTint" value="225,200,200"/>
		</block>
		<block name="Slot10">
			<property name="Extends" value="Slot01"/>
			<property name="CustomIcon" value="cntVendingMachine"/>
			<property name="CustomIconTint" value="225,200,200"/>
		</block>
		<block name="Slot11">
			<property name="Extends" value="Slot01"/>
			<property name="CustomIcon" value="cntVendingMachine"/>
			<property name="CustomIconTint" value="225,200,200"/>
		</block>
		<block name="Slot12">
			<property name="Extends" value="Slot01"/>
			<property name="CustomIcon" value="cntVendingMachine"/>
			<property name="CustomIconTint" value="225,200,200"/>
		</block>
		<block name="Slot13">
			<property name="Extends" value="Slot01"/>
			<property name="CustomIcon" value="cntVendingMachine"/>
			<property name="CustomIconTint" value="225,200,200"/>
		</block>
		<block name="Slot14">
			<property name="Extends" value="Slot01"/>
			<property name="CustomIcon" value="cntVendingMachine"/>
			<property name="CustomIconTint" value="225,200,200"/>
		</block>
		<block name="Slot15">
			<property name="Extends" value="Slot01"/>
			<property name="CustomIcon" value="cntVendingMachine"/>
			<property name="CustomIconTint" value="225,200,200"/>
		</block>
		<block name="Slot16">
			<property name="Extends" value="Slot01"/>
			<property name="CustomIcon" value="cntVendingMachine"/>
			<property name="CustomIconTint" value="225,200,200"/>
		</block>
		<block name="Slot17">
			<property name="Extends" value="Slot01"/>
			<property name="CustomIcon" value="cntVendingMachine"/>
			<property name="CustomIconTint" value="225,200,200"/>
		</block>
		<block name="Slot18">
			<property name="Extends" value="Slot01"/>
			<property name="CustomIcon" value="cntVendingMachine"/>
			<property name="CustomIconTint" value="225,200,200"/>
		</block>
		<block name="Slot19">
			<property name="Extends" value="Slot01"/>
			<property name="CustomIcon" value="cntVendingMachine"/>
			<property name="CustomIconTint" value="225,200,200"/>
		</block>
		<block name="Slot20">
			<property name="Extends" value="Slot01"/>
			<property name="CustomIcon" value="cntVendingMachine"/>
			<property name="CustomIconTint" value="225,200,200"/>
		</block>
   </append>
</configs>

