<configs>


<append xpath="/items">
	<item name="BJ_CARD">
		<property name="CreativeMode" value="None"/>
		<property name="HoldType" value="21"/>
		<property name="Meshfile" value="#Other/Items?Misc/bookPrefab.prefab"/>
		<property name="DropMeshfile" value="#Other/Items?Misc/sack_droppedPrefab.prefab"/>
		<property name="Material" value="Mpaper"/>
		<property name="DisplayType" value="bjcard"/>
		<property name="CustomIcon" value="questMaster"/>
		<property name="Stacknumber" value="500"/> 
		<property name="EconomicValue" value="1600"/>
		<property name="SellableToTrader" value="false"/>
		<property name="FuelValue" value="2"/>
		<property name="Weight" value="2"/>
		<property name="Group" value="Special Items"/>
	</item>
</append>
</configs>
