<configs>
 <append xpath="items">
    
	<item name="Stack of Dukes">
		<property name="CustomIcon" value="casinoCoin"/><property name="ItemTypeIcon" value="treasure"/>
		<property name="HoldType" value="45"/>
		<property name="Meshfile" value="#Other/Items?Misc/sackPrefab.prefab"/>
		<property name="DropMeshfile" value="#Other/Items?Misc/sack_droppedPrefab.prefab"/>
		<property name="Material" value="Morganic"/>
		<property name="Stacknumber" value="6000"/>
		<property name="SellableToTrader" value="false"/>
		<property name="Group" value="Resources"/>
		<property class="Action0">
			<property name="Class" value="OpenBundle"/>
			<property name="Delay" value="0"/>
			<property name="Use_time" value="0"/>
			<property name="Sound_start" value="close_garbage"/>
			<property name="Create_item" value="casinoCoin"/>
			<property name="Create_item_count" value="20000"/>
		</property>
	</item>


	<item name="Stack of Clay">
		<property name="CustomIcon" value="resourceClayLump"/><property name="ItemTypeIcon" value="treasure"/>
		<property name="HoldType" value="45"/>
		<property name="Meshfile" value="#Other/Items?Misc/sackPrefab.prefab"/>
		<property name="DropMeshfile" value="#Other/Items?Misc/sack_droppedPrefab.prefab"/>
		<property name="Material" value="Morganic"/>
		<property name="Stacknumber" value="6000"/>
		<property name="SellableToTrader" value="false"/>
		<property name="Group" value="Resources"/>
		<property class="Action0">
			<property name="Class" value="OpenBundle"/>
			<property name="Delay" value="0"/>
			<property name="Use_time" value="0"/>
			<property name="Sound_start" value="close_garbage"/>
			<property name="Create_item" value="resourceClayLump"/>
			<property name="Create_item_count" value="6000"/>
		</property>
	</item>
			

	<item name="Stack of ConcreteMix">
		<property name="CustomIcon" value="resourceConcreteMix"/><property name="ItemTypeIcon" value="treasure"/>
		<property name="HoldType" value="45"/>
		<property name="Meshfile" value="#Other/Items?Misc/sackPrefab.prefab"/>
		<property name="DropMeshfile" value="#Other/Items?Misc/sack_droppedPrefab.prefab"/>
		<property name="Material" value="Morganic"/>
		<property name="Stacknumber" value="6000"/>
		<property name="SellableToTrader" value="false"/>
		<property name="Group" value="Resources"/>
		<property class="Action0">
			<property name="Class" value="OpenBundle"/>
			<property name="Delay" value="0"/>
			<property name="Use_time" value="0"/>
			<property name="Sound_start" value="close_garbage"/>
			<property name="Create_item" value="resourceConcreteMix"/>
			<property name="Create_item_count" value="6000"/>
		</property>
	</item>		

	<item name="Stack of Sand">
		<property name="CustomIcon" value="resourceCrushedSand"/><property name="ItemTypeIcon" value="treasure"/>
		<property name="HoldType" value="45"/>
		<property name="Meshfile" value="#Other/Items?Misc/sackPrefab.prefab"/>
		<property name="DropMeshfile" value="#Other/Items?Misc/sack_droppedPrefab.prefab"/>
		<property name="Material" value="Morganic"/>
		<property name="Stacknumber" value="6000"/>
		<property name="SellableToTrader" value="false"/>
		<property name="Group" value="Resources"/>
		<property class="Action0">
			<property name="Class" value="OpenBundle"/>
			<property name="Delay" value="0"/>
			<property name="Use_time" value="0"/>
			<property name="Sound_start" value="close_garbage"/>
			<property name="Create_item" value="resourceCrushedSand"/>
			<property name="Create_item_count" value="6000"/>
		</property>
	</item>	
	

	
  </append>
</configs>