<configs>
  <append xpath="/items">
    
	<item name="Farming Machete"> <!-- T3 Blades -->
	<property name="Tags" value="machete,melee,grunting,light,perkFlurryOfBlows,weapon,meleeWeapon,attAgility,perkDeepCuts,perkTheHuntsman,canHaveCosmetic"/>
	<property name="DisplayType" value="meleeKnife"/>
	<property name="CustomIcon" value="meleeToolKnifeMachete"/>
    <property name="CustomIconTint" value="00FF36"/>
    <property name="ItemTypeIcon" value="star"/>
	<property name="HoldType" value="47"/>
	<property name="Meshfile" value="#Other/Items?Weapons/Melee/Knives/machetePrefab.prefab"/>
	<property name="Material" value="MmeleeToolKnifeMachete"/> <property name="Weight" value="6"/>
	<property name="RepairTools" value="resourceRepairKit"/>
	<property name="DegradationBreaksAfter" value="false"/>
	<property name="EconomicValue" value="700"/>
	<property name="SoundJammed" value="ItemNeedsRepair"/>
	<property name="SoundDestroy" value="wooddestroy1"/>
	<property name="Group" value="Ammo/Weapons"/>
	<property name="RepairExpMultiplier" value="5.5"/>
	<property name="UnlockedBy" value="Farming Machete Schematic"/>
	<property name="ShowQuality" value="true"/>

	<property class="Action0">
		<property name="Class" value="DynamicMelee"/>
		<property name="Damage_type" value="Slashing"/>
		<property name="Sphere" value=".15"/>   <!-- limit to 0.15, else the sphere cast can overlap the target already -->
		<property name="Sound_start" value="machete_swinglight"/>
		<property name="ToolCategory.Butcher" value="0" param1="10"/>
			<!-- This triggers the use of the special corpse harvesting animation if there is a matching harvest event.
			Also, param1  is the damage multiplier for corpse harvesting. -->
		<property name="Sound_harvesting" value="open_animal" param1="organic"/>

		<property name="UseGrazingHits" value="true"/>
		<property name="GrazeStart" value=".28"/>
		<property name="GrazeEnd" value=".4"/>
		<property name="SwingDegrees" value="80"/>
		<property name="SwingAngle" value="130"/>
		<property class="HitSounds">
			<property name="Override0" value="organic" param1="metalslashorganic"/>
		</property>
		<property class="GrazeSounds">
			<property name="Override0" value="organic" param1="metalgrazeorganic"/>
		</property>
	</property>
	<property class="Action1">
		<property name="Class" value="DynamicMelee"/>
		<property name="Damage_type" value="Slashing"/>
		<property name="Sphere" value=".15"/>   <!-- limit to 0.15, else the sphere cast can overlap the target already -->
		<property name="Sound_start" value="machete_swingheavy"/>
		<property name="ToolCategory.Butcher" value="0" param1="4.7"/>
		<property name="Sound_harvesting" value="open_animal" param1="organic"/>
		<property name="UsePowerAttackAnimation" value="true"/>

		<property name="UseGrazingHits" value="true"/>
		<property name="IsHorizontalSwing" value="true"/>
		<property name="GrazeStart" value=".3"/>
		<property name="GrazeEnd" value=".4"/>
		<property name="SwingDegrees" value="-80"/>
		<property name="SwingAngle" value="-60"/>
		<property class="HitSounds">
			<property name="Override0" value="organic" param1="metalslashorganic"/>
		</property>
		<property class="GrazeSounds">
			<property name="Override0" value="organic" param1="metalgrazeorganic"/>
		</property>
	</property>
	<effect_group name="Farming Machete">
		<passive_effect name="EntityDamage" operation="base_set" value="19.8"/> <!-- meleeToolKnifeMachete -->
		<passive_effect name="BlockDamage" operation="base_set" value="1"/>
		<passive_effect name="AttacksPerMinute" operation="base_set" value="200"/>
		<passive_effect name="StaminaLoss" operation="base_set" value="5" tags="primary"/>
		<passive_effect name="DegradationMax" operation="base_set" value="288,673" tier="1,6" tags="perkDeepCuts"/>
		<passive_effect name="DegradationPerUse" operation="base_set" value="1" tags="perkDeepCuts"/>
		<passive_effect name="MaxRange" operation="base_set" value="2.3"/>
		<passive_effect name="BlockRange" operation="base_set" value="3.5"/>

		<passive_effect name="EntityDamage" operation="perc_add" value="-.15,.15"/> <!-- random EntityDmg -->
		<passive_effect name="EntityDamage" operation="perc_add" value=".1,.5" tier="2,6"/> <!-- tier bonus -->
		<passive_effect name="BlockDamage" operation="perc_add" value="-.15,.15"/> <!-- random BlockDmg -->
		<passive_effect name="BlockDamage" operation="perc_add" value=".1,.5" tier="2,6"/> <!-- tier bonus -->

		<passive_effect name="DamageModifier" operation="perc_add" value="-.8" tags="earth"/>
		<passive_effect name="DamageModifier" operation="perc_add" value="-.8" tags="stone"/>
		<passive_effect name="DamageModifier" operation="perc_add" value="-.8" tags="metal"/>
		<passive_effect name="HarvestCount" operation="base_set" value="1" tags="butcherHarvest"/>
		<display_value name="dBleeding" value="1"/> <!-- the bleeding proc is run by the perk -->
	</effect_group>
	<effect_group name="Power Attack">
		<passive_effect name="EntityDamage" operation="perc_add" value="1" tags="secondary"/>
		<passive_effect name="BlockDamage" operation="perc_add" value="1" tags="secondary"/>
		<passive_effect name="StaminaLoss" operation="base_add" value="18.8" tags="secondary"/>
	</effect_group>
</item>












             <!-- Schematics -->
<item name="Farming Machete Schematic">
	<property name="Extends" value="schematicMaster"/>
	<property name="CustomIconTint" value="00FF36"/>
	<property name="CreativeMode" value="Player"/>
	<property name="CustomIcon" value="meleeToolKnifeMachete"/>
	<property name="Unlocks" value="Farming Machete"/>
	<effect_group tiered="false">
		<triggered_effect trigger="onSelfPrimaryActionEnd" action="ModifyCVar" cvar="Farming Machete" operation="set" value="1"/>
		<triggered_effect trigger="onSelfPrimaryActionEnd" action="GiveExp" exp="50"/>
	</effect_group>
</item>


  </append>
</configs>