<modtipsy>

	<append xpath="/xui/ruleset">
		<window_group name="workstation_TIPSY WorkBench" controller="XUiC_WorkstationWindowGroup">
			<window name="windowCraftingList"/>
			<window name="craftingInfoPanel"/>
			<window name="windowCraftingQueue"/>
			<window name="windowOutput" />
			<window name="windowNonPagingHeader" />
			<window name="windowToolsTIPSY WorkBench" />
		</window_group>	
		
		<window_group name="workstation_Weapons Machine" controller="XUiC_WorkstationWindowGroup">
			<window name="windowCraftingList"/>
			<window name="craftingInfoPanel"/>
			<window name="windowCraftingQueue"/>
			<window name="windowOutput" />
			<window name="windowNonPagingHeader" />
			<window name="windowToolsWeapons Machine" />
		</window_group>	
		
		<window_group name="workstation_Mod Machine" controller="XUiC_WorkstationWindowGroup">
			<window name="windowCraftingList"/>
			<window name="craftingInfoPanel"/>
			<window name="windowCraftingQueue"/>
			<window name="windowOutput" />
			<window name="windowNonPagingHeader" />
			<window name="windowToolsMod Machine" />
		</window_group>			

		<window_group name="workstation_Rabbits Stacking" controller="XUiC_WorkstationWindowGroup">
			<window name="windowCraftingList"/>
			<window name="craftingInfoPanel"/>
			<window name="windowCraftingQueue"/>
			<window name="windowOutput" />
			<window name="windowNonPagingHeader" />
			<window name="windowToolsRabbits Stacking" />
		</window_group>		
		
		<window_group name="workstation_TIPSY Grill" controller="XUiC_WorkstationWindowGroup">
			<window name="windowCraftingList"/>
			<window name="craftingInfoPanel"/>
			<window name="windowCraftingQueue"/>
			<window name="windowToolsCampfire" />
			<window name="windowFuel" />
			<window name="windowOutput" />
			<window name="windowNonPagingHeader" />
			<window name="windowToolsTIPSY Grill" />
		</window_group>
		
	</append>
</modtipsy>	