<configs>

    <append xpath="/blocks">
	
<!-- Credit to PhD https://www.nexusmods.com/7daystodie/mods/388 -->
<!-- Just changed names and other small things-->

	<block name="Working Porch Light 01">
			<property name="Class" value="PoweredLight"/>
			<property name="CreativeMode" value="Player"/>
			<property name="DescriptionKey" value="lightPlayerGroupDesc"/>
			<property name="Group" value="Science"/>
			<property name="Material" value="Mmetal_thin"/>
			<property name="MaxDamage" value="1000"/>
			<property name="RuntimeSwitch" value="true"/>
			<property name="CustomIcon" value="porchLight01"/>
			<property name="StabilitySupport" value="false"/> 
			<property name="Shape" value="ModelEntity"/>
			<property name="ImposterDontBlock" value="true"/>
			<property name="Light" value="0.75"/>
			<property name="Collide" value="melee,bullet,arrow,rocket"/>
			<property name="OnlySimpleRotations" value="false"/>
			<property name="Model" value="Entities/Lighting/porchLight01Prefab"/> 
			<property name="HandleFace" value="West"/>
			<property class="RepairItems"> 
			  <property name="resourceForgedIron" value="1"/> 
				<property name="resourceElectricParts" value="3"/> 
			</property>
			<drop event="Harvest" name="terrStone" count="0" tool_category="Disassemble"/>
			<drop event="Harvest" name="resourceElectricParts" count="1,4" tag="salvageHarvest"/> <!-- HV: mounted lamp -->
			<drop event="Destroy" name="resourceScrapIron" count="5" prob="1"/>
			<drop event="Fall" name="scrapMetalPile" count="1" prob="0.75" stick_chance="1"/>
			<property name="TakeDelay" value="5"/>
			<property name="EconomicValue" value="200"/>
			<property name="FilterTags" value="fdecor,felectrical"/>
			<property name="SortOrder1" value="70a0"/>
		</block>

		<block name="Working Porch Light 04">
			<property name="Extends" value="Working Porch Light 01"/>
			<property name="CreativeMode" value="Player"/> 
			<property name="Model" value="Entities/Lighting/porchLight04Prefab"/>
			<property name="CustomIcon" value="porchLight04"/>
		</block>

		<block name="Working Porch Light 04 Brass">
			<property name="Extends" value="Working Porch Light 01"/>
			<property name="CreativeMode" value="Player"/>
			<property name="Model" value="Entities/Lighting/porchLight04BrassPrefab"/>
			<property name="CustomIcon" value="porchLight04Brass"/>
			<drop event="Destroy" name="resourceScrapBrass" count="10,30" prob="1"/>
		</block>

		<block name="Working Ceiling Light 01">
			<property name="Extends" value="Working Porch Light 01"/>
			<property name="CreativeMode" value="Player"/>
			<property name="Material" value="Mglass"/>
			<property name="Model" value="Entities/Lighting/ceilingLight01Prefab"/> 
			<property name="HandleFace" value="Top"/>
			<property name="CustomIcon" value="ceilingLight01"/>
			<drop event="Destroy" count="0"/>
		</block>

		<block name="Working Ceiling Light 02">
			<property name="Extends" value="Working Porch Light 01"/>
			<property name="CreativeMode" value="Player"/>
			<property name="Model" value="Entities/Lighting/ceilingLight02Prefab"/> 
			<property name="HandleFace" value="Top"/>
			<property name="CustomIcon" value="ceilingLight02"/>
		</block>

		<block name="Working Ceiling Light 02 Brass">
			<property name="Extends" value="Working Porch Light 01"/>
			<property name="CreativeMode" value="Player"/>
			<property name="Model" value="Entities/Lighting/ceilingLight02BrassPrefab"/> 
			<property name="HandleFace" value="Top"/>
			<property name="CustomIcon" value="ceilingLight02Brass"/>
		</block>

		<block name="Working Ceiling Light 04">
			<property name="Extends" value="Working Porch Light 01"/>
			<property name="CreativeMode" value="Player"/>
			<property name="Model" value="Entities/Lighting/ceilingLight04Prefab"/> 
			<property name="HandleFace" value="Top"/>
			<property name="CustomIcon" value="ceilingLight04"/>
		</block>

		<block name="Working Ceiling Light 05">
			<property name="Extends" value="Working Porch Light 01"/>
			<property name="CreativeMode" value="Player"/>
			<property name="Model" value="Entities/Lighting/ceilingLight05Prefab"/> 
			<property name="HandleFace" value="Top"/>
			<property name="CustomIcon" value="ceilingLight05"/>
		</block>

		<block name="Working Ceiling Light 05 Brass">
			<property name="Extends" value="Working Porch Light 04 Brass"/>
			<property name="CreativeMode" value="Player"/>
			<property name="Model" value="Entities/Lighting/ceilingLight05BrassPrefab"/> 
			<property name="HandleFace" value="Top"/>
			<property name="CustomIcon" value="ceilingLight05Brass"/>
		</block>

		<block name="Working Wall Light">
			<property name="Extends" value="Working Porch Light 01"/>
			<property name="CreativeMode" value="Player"/>
			<property name="Model" value="Entities/Lighting/wall_light01Prefab"/> 
			<property name="HandleFace" value="South"/>
			<property name="CustomIcon" value="wallLight01"/>
		</block>

		<block name="Working Fluorescent Light">
			<property name="Class" value="PoweredLight"/>
			<property name="Extends" value="Working Porch Light 01"/>
			<property name="MaxDamage" value="1000"/>
			<property name="CreativeMode" value="Player"/>
			<property name="DescriptionKey" value="lightPlayerGroupDesc"/>
			<property name="CustomIcon" value="ceilingLight07"/>
			<property name="RuntimeSwitch" value="true"/>
			<property name="Light" value="0.75"/>
			<property name="HandleFace" value="Top"/>
			<property class="RepairItems">
				<property name="resourceForgedIron" value="1"/>
				<property name="resourceElectricParts" value="3"/>
			</property>
			<drop event="Harvest" name="terrStone" count="0" tool_category="Disassemble"/>
			<drop event="Harvest" name="resourceElectricParts" count="1,4" tag="salvageHarvest"/>
			<drop event="Harvest" name="resourceElectricParts" count="1,2" tag="salvageHarvest"/>
			<drop event="Harvest" name="resourceScrapPolymers" count="1,2" tag="salvageHarvest"/>
			<property name="Model" value="Entities/Lighting/player_ceilingLight07Prefab"/> 
			<property name="TakeDelay" value="5"/>
		</block>

		<block name="Working Street Light 01">
			<property name="Class" value="PoweredLight"/>
			<property name="CreativeMode" value="Player"/>
			<property name="DescriptionKey" value="lightPlayerGroupDesc"/>
			<property name="Group" value="Science"/>
			<property name="Material" value="Mmetal"/>
			<property name="MaxDamage" value="1000"/>
			<property name="RuntimeSwitch" value="true"/>
			<property name="CustomIcon" value="streetLight01"/>
			<property name="StabilitySupport" value="false"/>
			<property name="Shape" value="ModelEntity"/>
			<property name="ImposterDontBlock" value="true"/>
			<property name="Light" value="25"/>
			<property name="Collide" value="movement,melee,bullet,arrow,rocket"/>
			<property name="Model" value="Entities/Lighting/street_light01Prefab"/>
			<property name="OnlySimpleRotations" value="true"/>
			<property class="RepairItems">
				<property name="resourceForgedIron" value="1"/>
				<property name="resourceElectricParts" value="3"/>
			</property>
			<drop event="Harvest" name="terrStone" count="0" tool_category="Disassemble"/>
			<drop event="Harvest" name="resourceElectricParts" count="4,8" tag="salvageHarvest"/>
			<drop event="Destroy" name="resourceScrapIron" count="1,15"/>
			<drop event="Fall" name="scrapMetalPile" count="1" prob="0.75" stick_chance="1"/>
			<property name="TakeDelay" value="5"/>
			<property name="FilterTags" value="fdecor,felectrical"/>
			<property name="SortOrder1" value="70a0"/>
		</block>

		<block name="Working Street Light Classic">
			<property name="Extends" value="Working Porch Light 01" />
			<property name="CreativeMode" value="Player"/>
			<property name="Model" value="Entities/Lighting/streetLamp_ClassicPrefab"/>
			<property name="DisplayType" value="blockMulti" />
			<property name="MultiBlockDim" value="1,5,1"/>
			<property name="Material" value="Mmetal"/>
			<property name="CustomIcon" value="streetLightClassic"/>
			<property name="OnlySimpleRotations" value="true"/>
			<property name="Light" value="5"/>
			<property name="Collide" value="movement,melee,bullet,arrow,rocket"/>
			<property name="ImposterExchange" value="imposterDontBlockCTRPole" param1="169"/>
			<property name="HandleFace" value="Bottom"/>
			<drop event="Harvest" name="terrStone" count="0" tool_category="Disassemble"/>
			<drop event="Harvest" name="resourceElectricParts" count="4,6" tag="salvageHarvest"/>
			<drop event="Destroy" name="resourceScrapIron" count="1,15"/>
		</block>

		<block name="Working Industrial Light">
			<property name="Class" value="PoweredLight"/>
			<property name="CreativeMode" value="Player"/>
			<property name="DescriptionKey" value="lightPlayerGroupDesc"/>
			<property name="Group" value="Science"/>
			<property name="Material" value="Mmetal_thin"/>
			<property name="MaxDamage" value="1000"/>
			<property name="RuntimeSwitch" value="true"/>
			<property name="CustomIcon" value="industrialLight01"/>
			<property name="StabilitySupport" value="false"/>
			<property name="Shape" value="ModelEntity"/>
			<property name="ImposterDontBlock" value="true"/>
			<property name="Light" value="0.75"/>
			<property name="Collide" value="melee,bullet,arrow,rocket"/>
			<property name="Model" value="Entities/Lighting/industrialLight01Prefab"/> 
			<property name="HandleFace" value="South"/>
			<property class="RepairItems">
				<property name="resourceForgedIron" value="1"/>
				<property name="resourceElectricParts" value="3"/>
			</property>
			<drop event="Harvest" name="terrStone" count="0" tool_category="Disassemble"/>
			<drop event="Harvest" name="resourceElectricParts" count="2,6" tag="salvageHarvest"/>
			<drop event="Harvest" name="resourceScrapPolymers" count="1,2" tag="salvageHarvest"/>
			<drop event="Destroy" name="resourceScrapIron" count="5" prob="1"/>
			<drop event="Fall" name="scrapMetalPile" count="1" prob="0.75" stick_chance="1"/>
			<property name="TakeDelay" value="5"/>
			<property name="EconomicValue" value="175"/>
			<property name="FilterTags" value="fdecor,felectrical"/>
			<property name="SortOrder1" value="70a0"/>
		</block>

		<block name="Working Sconce Light">
			<property name="Extends" value="Working Porch Light 01"/>
			<property name="CreativeMode" value="Player"/>
			<property name="Model" value="Entities/Lighting/sconce_1_Prefab"/>
			<property name="CustomIcon" value="sconce1Light"/>
		</block>

		<block name="Working Sconce Light Shadow">
			<property name="Extends" value="Working Porch Light 01"/>
			<property name="CreativeMode" value="Player"/>
			<property name="Model" value="Entities/Lighting/sconce_1_ShadowPrefab"/>
			<property name="CustomIcon" value="sconce1Light"/>
		</block>

		<block name="Working Industrial Light 02">
			<property name="Extends" value="Working Porch Light 01"/>
			<property name="CustomIcon" value="industrialLight02"/>
			<property name="Model" value="Entities/Lighting/industrial_light_02Prefab"/> 
			<property name="HandleFace" value="Top"/>
		</block>

		<block name="Working Industrial Light 02 Red">
			<property name="Extends" value="Working Porch Light 01"/>
			<property name="CreativeMode" value="Player"/>
			<property name="CustomIcon" value="industrialLight02Red"/>
			<property name="Model" value="Entities/Lighting/industrial_light_02_redPrefab"/> 
			<property name="HandleFace" value="Top"/>
		</block>

		<block name="Working Ceiling Fan Light">
			<property name="Extends" value="Working Porch Light 01"/>
			<property name="CreativeMode" value="Player"/>
			<property name="Path" value="solid"/>
			<property name="Model" value="Entities/Lighting/ceiling_fanPrefab"/> 
			<property name="CustomIcon" value="ceilingFanLight"/>
			<property name="HandleFace" value="Top"/>
			<property class="RepairItems">
				<property name="resourceForgedIron" value="1"/>
				<property name="resourceElectricParts" value="3"/>
				<property name="resourceMechanicalParts" value="2"/>
			</property>
			<drop event="Harvest" name="terrStone" count="0" tool_category="Disassemble"/>
			<drop event="Harvest" name="resourceMechanicalParts" count="0,2" tag="salvageHarvest"/>
		</block>

		<block name="Working Chandelier Light">
			<property name="Extends" value="Working Street Light 01" />
			<property name="CreativeMode" value="Player"/>
			<property name="CustomIcon" value="candelabraLight"/>
			<property name="Model" value="Entities/Electrical/chandelierPrefab"/>
			<property name="OnlySimpleRotations" value="false"/>
			<property name="HandleFace" value="Bottom"/>
		</block>

		<block name="Working Exit Sign">
			<property name="Extends" value="Working Porch Light 01" />
			<property name="CreativeMode" value="Player"/>
			<property name="CustomIcon" value="signExitLight"/>
			<property name="Model" value="Entities/Lighting/exit_signPrefab"/> 
			<property name="HandleFace" value="South"/>
		</block>

		<block name="Working Road Barricade">
			<property name="Extends" value="Working Porch Light 01" />
			<property name="CreativeMode" value="Player"/>
			<property name="CustomIcon" value="roadBarricadeLight"/>
			<property name="Material" value="Mmetal"/>
			<property name="DisplayType" value="blockMulti" />
			<property name="MultiBlockDim" value="3,2,1"/>
			<property name="OnlySimpleRotations" value="true"/>
			<property name="Place" value="TowardsPlacerInverted"/>
			<property name="Model" value="Entities/Signs/barricadePrefab"/>
			<property name="Collide" value="melee,bullet,arrow,rocket,movement"/>
			<drop event="Destroy" name="resourceScrapIron" count="3,12"/>
		</block>

		<block name="Working Desk Lamp">
			<property name="Extends" value="Working Porch Light 01" />
			<property name="CreativeMode" value="Player"/>
			<property name="CustomIcon" value="deskLampLight"/>
			<property name="Model" value="Entities/Lighting/desk_lampPrefab"/>
		</block>

		<block name="Working Table Lamp">
			<property name="Extends" value="Working Porch Light 01" />
			<property name="CreativeMode" value="Player"/>
			<property name="CustomIcon" value="tableLampLight"/>
			<property name="Model" value="Entities/Lighting/table_lampPrefab"/>
		</block>

		<block name="Working Work Light">
			<property name="Extends" value="Working Porch Light 01" />
			<property name="CreativeMode" value="Player"/>
			<property name="CustomIcon" value="workLightPOI"/>
			<property name="Model" value="Entities/Lighting/work_lightPrefab"/>
			<property name="DisplayType" value="blockMulti" />
			<property name="MultiBlockDim" value="1,2,1"/>
			<property name="Collide" value="melee,bullet,arrow,rocket,movement"/>
		</block>

		<block name="Working Sign Shop Open">
			<property name="Class" value="PoweredLight"/>
			<property name="CreativeMode" value="Player"/>
			<property name="DescriptionKey" value="lightPlayerGroupDesc"/>
			<property name="Group" value="Science"/>
			<property name="Material" value="Mmetal_thin"/>
			<property name="MaxDamage" value="1000"/>
			<property name="RuntimeSwitch" value="true"/>
			<property name="CustomIcon" value="signShopOpenSwitch"/>
			<property name="StabilitySupport" value="false"/> 
			<property name="Shape" value="ModelEntity"/>
			<property name="ImposterDontBlock" value="true"/>
			<property name="Light" value="0.75"/>
			<property name="OnlySimpleRotations" value="false"/>
			<property name="Collide" value="melee,bullet,arrow,rocket"/>
			<property name="Model" value="Entities/Signs/sign_open_Prefab"/> 
			<property name="HandleFace" value="South"/>
			<property class="RepairItems"> 
			  <property name="resourceForgedIron" value="1"/> 
				<property name="resourceElectricParts" value="3"/> 
			</property>
			<drop event="Harvest" name="resourceElectricParts" count="1,4" tag="salvageHarvest"/> <!-- HV: mounted lamp -->
			<drop event="Destroy" name="resourceScrapIron" count="5" prob="1"/>
			<drop event="Fall" name="scrapMetalPile" count="1" prob="0.75" stick_chance="1"/>
			<property name="TakeDelay" value="5"/>
			<property name="EconomicValue" value="150"/>
			<property name="FilterTags" value="fdecor,fsigns,fother,felectrical"/>
			<property name="SortOrder1" value="70s0"/>
		</block>
		
		<block name="Working Fuse Box">
			<property name="Class" value="ElectricWire"/>
			<property name="Material" value="Mmetal"/>
			<property name="MaxDamage" value="1000"/>
			<property name="StabilitySupport" value="true"/>
			<property name="CustomIcon" value="fusebox"/>
			<property name="ImposterDontBlock" value="true"/>
			<property name="Collide" value="movement,melee,bullet,arrow,rocket"/>
			<property name="IsTerrainDecoration" value="true"/>
			<property name="ModelOffset" value="0,-0.2,0"/>
			<property name="Stacknumber" value="10"/>
			
			<property name="Shape" value="Ext3dModel"/>
			<property name="Texture" value="293"/>
			<property name="Model" value="Industrial/fusebox" param1="main_mesh"/> 
			<property name="HandleFace" value="South"/>
			<property name="Mesh" value="models"/>
			<property name="RequiredPower" value="0"/>
			<property name="Group" value="Building"/>
			<property name="OnlySimpleRotations" value="false"/>
			<property name="DamageReceived" value="0.5"/>
			<property name="FilterTags" value="fdecor,fother,felectrical"/>
			<property name="SortOrder1" value="70e0"/>

			<property class="RepairItems">
				<property name="resourceScrapIron" value="8"/>
			</property>
			
			<drop event="Harvest" name="terrStone" count="0" tool_category="Disassemble"/>
			<drop event="Harvest" name="resourceMechanicalParts" count="1,3" tag="salvageHarvest"/>
			<drop event="Harvest" name="resourceScrapIron" count="4,8" tag="salvageHarvest"/>
			<drop event="Destroy" name="resourceScrapIron" count="4,8" prob="1"/>
			<drop event="Fall" name="scrapMetalPile" count="1" prob="0.75" stick_chance="1"/>
		</block>

		<block name="Working Fuse Block">
			<property name="Extends" value="scrapIronMaster"/>
			<property name="Class" value="ElectricWire"/>
			<property name="Material" value="Mbridge_metal"/>
			<property name="MaxDamage" value="1000"/>
			<property name="StabilitySupport" value="true"/>
			<property name="CustomIcon" value="bridgeMetalRivetBlock"/>
			<property name="ImposterDontBlock" value="true"/>
			<property name="Collide" value="movement,melee,bullet,arrow,rocket"/>
			<property name="IsTerrainDecoration" value="true"/>
			<property name="Stacknumber" value="10"/>

			<property name="Texture" value="46"/>
			<property name="ModelOffset" value="0,0.5,0"/>
			<property name="RequiredPower" value="0"/>
			<property name="DamageReceived" value="0.5"/>
			<property name="FilterTags" value="fdecor,fother,felectrical"/>
			<property name="SortOrder1" value="70e0"/>
			
			<property class="RepairItems">
				<property name="resourceScrapIron" value="8"/>
			</property>
			
			<drop event="Harvest" name="terrStone" count="0" tool_category="Disassemble"/>
			<drop event="Harvest" name="resourceMechanicalParts" count="1,3" tag="salvageHarvest"/>
			<drop event="Harvest" name="resourceScrapIron" count="4,8" tag="salvageHarvest"/>
			<drop event="Destroy" name="resourceScrapIron" count="4,8" prob="1"/>
			<drop event="Fall" name="scrapMetalPile" count="1" prob="0.75" stick_chance="1"/>
		</block>

	
	
	
	
	</append>


</configs>