<?xml version="1.0" encoding="UTF-8"?>
<configs>
	<append xpath="/blocks">
		<block name="LootboxMachine">
			<property name="CustomIcon" value="cntVendingMachine"/>
			<property name="CustomIconTint" value="225,200,200"/>
			<property name="Class" value="Workstation"/>
			<property name="Material" value="Mbedrock"/>
			<property name="MaxDamage" value="2000000"/>
			<property name="StabilitySupport" value="false"/>
			<property name="Shape" value="ModelEntity"/>
			<property name="Path" value="solid"/>
			<property name="Model" value="Entities/Crafting/vending_machine_playerPrefab"/>
			<property name="MultiBlockDim" value="1,2,1"/>
			<property name="ImposterExchange" value="imposterBlock" param1="143"/>
			<property name="OnlySimpleRotations" value="true"/>
			<property name="Place" value="TowardsPlacerInverted"/>
			<property name="Collide" value="sight,movement,melee,bullet,arrow,rocket"/>
			<property class="Workstation">
				<property name="Modules" value="output"/>
				<property name="CraftingAreaRecipes" value="LootboxMachine"/></property>
			<property name="WorkstationIcon" value="ui_game_symbol_workbench" />
			<property name="OpenSound" value="open_workbench" />
			<property name="CloseSound" value="close_workbench" />
			<property name="TakeDelay" value="0"/>
			<property name="Group" value="Basics,Building"/>
			<property name="SellableToTrader" value="false"/>
			<property name="FilterTags" value="fdecor,fother,ffurniture"/>
			<property name="SortOrder1" value="70i0"/>
		</block>
	</append>
</configs>

