<configs>
	<append xpath="/lootcontainers/lootqualitytemplates">
		<lootqualitytemplate name="default_qualityT">
			<qualitytemplate level="1,999999">
				<loot quality="2" prob="0.3"/>
				<loot quality="3" prob="0.25"/>
				<loot quality="4" prob="0.2"/>
				<loot quality="5" prob="0.15"/>
				<loot quality="6" prob="0.1"/>
			</qualitytemplate>
		</lootqualitytemplate>
	</append>
	<append xpath="/lootcontainers/lootcontainer[@id='73']">
		<item name="Green Ticket" prob=".01"/>
		<item name="Yellow Ticket" prob=".001"/>
		<item name="Red Ticket" prob=".0001"/>
		<item name="Purple Ticket" prob=".00001"/>
	</append>
	<append xpath="/lootcontainers/lootcontainer[@id='71']">
		<item name="Green Ticket" prob=".01"/>
		<item name="Yellow Ticket" prob=".001"/>
		<item name="Red Ticket" prob=".0001"/>
	</append>
	<append xpath="/lootcontainers/lootcontainer[@id='70']">
		<item name="Green Ticket" prob=".01"/>
		<item name="Yellow Ticket" prob=".001"/>
	</append>
	<append xpath="/lootcontainers/lootcontainer[@id='61']">
		<item name="Green Ticket" prob=".01"/>
		<item name="Yellow Ticket" prob=".001"/>
		<item name="Red Ticket" prob=".0001"/>
	</append>
	<append xpath="/lootcontainers/lootcontainer[@id='41']">
		<item name="Green Ticket" prob=".01"/>
		<item name="Yellow Ticket" prob=".001"/>
		<item name="Red Ticket" prob=".0001"/>
	</append>

	<append xpath="/lootcontainers">


		<lootgroup name="LootRailgun" loot_quality_template="default_qualityT">
			<item name="Railgun"/>
		</lootgroup>
		<lootgroup name="LootRailgunAmmo">
			<item name="RailgunAmmo" count="50"/>
		</lootgroup>
		<lootgroup name="LootHyperBlaster" loot_quality_template="default_qualityT">
			<item name="HyperBlaster"/>
		</lootgroup>
		<lootgroup name="LootHyperBlasterAmmo">
			<item name="Energy Cells" count="100"/>
		</lootgroup>
		<lootgroup name="LootGammaGun" loot_quality_template="default_qualityT">
			<item name="Gamma Gun"/>
		</lootgroup>
		<lootgroup name="LootGammaGunAmmo">
			<item name="Gamma Round" count="30"/>
		</lootgroup>

		<lootgroup name="GreenLoot" loot_quality_template="default_qualityT">
			<item name="PP-19 Bizon" prob=".25"/>
			<item name="QuadShotgun" prob=".5"/>
			<item name="turretAuger" prob=".5"/>
		</lootgroup>
		<lootgroup name="YellowLoot" loot_quality_template="default_qualityT">
			<item name="Newcomen" prob=".3"/>
			<item name="Savery" prob=".3"/>
			<item name="Thor Hammer" prob=".2"/>
		</lootgroup>
		<lootgroup name="RedLoot" loot_quality_template="default_qualityT">
			<item name="CrossbowMag" prob=".5"/>
			<item name="HyperBlaster Ticket" prob=".1"/>
			<item name="Railgun Ticket" prob=".2"/>
			<item name="Vampire Gauntlets" prob=".5"/>
		</lootgroup>
		<lootgroup name="PurpleLoot" loot_quality_template="default_qualityT">
			<item name="Gamma Gun Ticket" prob=".5"/>
			<item name="Kronos XII" prob=".3"/>
			<item name="Vulcan" prob=".4"/>
			<item name="CrimsonHunter" prob=".2"/>
		</lootgroup>
	</append>
</configs>