<configs>
  <append xpath="/items">
    
	<item name="meleeStunBaton"> <!-- T2 Stun Batons -->
	<property name="Tags" value="melee,grunting,light,perkFlurryOfBlows,weapon,meleeWeapon,attIntellect,perkElectrocutioner,canHaveCosmetic"/>
	<property name="DisplayType" value="melee"/>
	<property name="HoldType" value="58"/>
	<property name="Meshfile" value="#Other/Items?Weapons/Melee/TaserBaton/TaserBatonPrefab.prefab"/>
	<property name="Material" value="MmeleeStunBatonParts"/> <property name="Weight" value="4"/>
	<property name="RepairTools" value="resourceRepairKit"/>
	<property name="DegradationBreaksAfter" value="false"/>
	<property name="EconomicValue" value="350"/>
	<property name="SoundJammed" value="ItemNeedsRepair"/>
	<property name="SoundDestroy" value="wooddestroy1"/>
	<property name="Group" value="Ammo/Weapons"/>
	<property name="RepairExpMultiplier" value="5.5"/>
	<property name="UnlockedBy" value="perkElectrocutioner,meleeStunBatonSchematic"/>
	<property name="ShowQuality" value="true"/>

	<property class="Action0">
		<property name="Class" value="DynamicMelee"/>
		<property name="Damage_type" value="Slashing"/>
		<property name="Sphere" value=".15"/>   <!-- limit to 0.15, else the sphere cast can overlap the target already -->
		<property name="Sound_start" value="stunbaton_swinglight"/>

		<property name="UseGrazingHits" value="true"/>
		<property name="GrazeStart" value=".25"/>
		<property name="GrazeEnd" value=".32"/>
		<property name="SwingDegrees" value="90"/>
		<property name="SwingAngle" value="90"/>
		<property class="HitSounds">
			<property name="Override0" value="organic" param1="metalhollowhitorganic"/>
		</property>
		<property class="GrazeSounds">
			<property name="Override0" value="organic" param1="metalgrazeorganic"/>
		</property>
	</property>
	<property class="Action1">
		<property name="Class" value="DynamicMelee"/>
		<property name="Damage_type" value="Slashing"/>
		<property name="Sphere" value=".15"/>   <!-- limit to 0.15, else the sphere cast can overlap the target already -->
		<property name="Sound_start" value="stunbaton_swingheavy"/>
		<property name="UsePowerAttackAnimation" value="true"/>

		<property name="UseGrazingHits" value="true"/>
		<property name="GrazeStart" value=".2"/>
		<property name="GrazeEnd" value=".32"/>
		<property name="SwingDegrees" value="65"/>
		<property name="SwingAngle" value="180"/>
		<property class="HitSounds">
			<property name="Override0" value="organic" param1="metalhollowhitorganic"/>
		</property>
		<property class="GrazeSounds">
			<property name="Override0" value="organic" param1="metalgrazeorganic"/>
		</property>
	</property>
	<effect_group name="meleeStunBaton">
		<passive_effect name="EntityDamage" operation="base_set" value="21.6"/> <!-- meleeStunBaton -->
		<passive_effect name="BlockDamage" operation="base_set" value="12"/>
		<passive_effect name="AttacksPerMinute" operation="base_set" value="70"/>
		<passive_effect name="StaminaLoss" operation="base_set" value="11.3" tags="primary"/>
		<passive_effect name="DegradationMax" operation="base_set" value="269,673" tier="1,6" tags="perkElectrocutioner"/>
		<passive_effect name="DegradationPerUse" operation="base_set" value="1" tags="perkElectrocutioner"/>
		<passive_effect name="MaxRange" operation="base_set" value="2.4"/>
		<passive_effect name="BlockRange" operation="base_set" value="3"/>

		<passive_effect name="ModSlots" operation="base_set" value="1,1,2,2,3,4" tier="1,2,3,4,5,6"/>
		<passive_effect name="ModPowerBonus" operation="perc_add" value=".10" tags="EntityDamage,BlockDamage"/>
		<passive_effect name="ModPowerBonus" operation="base_add" value="300" tags="EconomicValue"/>

		<passive_effect name="EntityDamage" operation="perc_add" value="-.15,.15"/> <!-- random EntityDmg -->
		<passive_effect name="EntityDamage" operation="perc_add" value=".1,.5" tier="2,6"/> <!-- tier bonus -->
		<passive_effect name="BlockDamage" operation="perc_add" value="-.15,.15"/> <!-- random BlockDmg -->
		<passive_effect name="BlockDamage" operation="perc_add" value=".1,.5" tier="2,6"/> <!-- tier bonus -->

		<passive_effect name="DamageModifier" operation="perc_add" value="-.9" tags="earth"/>
		<passive_effect name="DamageModifier" operation="perc_add" value="-.9" tags="stone"/>
		<passive_effect name="DamageModifier" operation="perc_add" value="-.9" tags="metal"/>
		<passive_effect name="HarvestCount" operation="base_set" value="1" tags="butcherHarvest"/>

		<passive_effect name="HarvestCount" operation="base_add" value="-.75" tags="allHarvest"/>
		<passive_effect name="HarvestCount" operation="base_add" value="-.75" tags="allToolsHarvest"/>
		<passive_effect name="HarvestCount" operation="base_add" value="-.75" tags="oreWoodHarvest"/>

		<triggered_effect trigger="onSelfEquipStop" action="RemovePart" part="Sparks"/>

		<triggered_effect trigger="onSelfEquipStart" action="AddPart" part="Sparks" prefab="ItemModEffects/baton_electricityPrefab" parentTransform="Handle" localPos="0,0,0" localRot="0,0,0">
			<requirement name="CVarCompare" cvar="stunBatonCharge" operation="GTE" value="4"/>
			<requirement name="CVarCompare" cvar="stunBatonCharge" operation="LTE" value="10"/>
		</triggered_effect>

		<triggered_effect trigger="onSelfDamagedOther" action="AddBuff" target="other" buff="buffShocked">
			<requirement name="CVarCompare" cvar="stunBatonCharge" operation="GTE" value="4"/>
		</triggered_effect>
		<triggered_effect trigger="onSelfDamagedOther" action="RemovePart" part="Sparks">
			<requirement name="CVarCompare" cvar="stunBatonCharge" operation="GTE" value="4"/>
		</triggered_effect>

		<triggered_effect trigger="onSelfDamagedOther" action="ModifyCVar" cvar="stunBatonCharge" operation="add" value="10">
			<requirement name="CVarCompare" cvar="stunBatonCharge" operation="GTE" value="4"/>
			<requirement name="CVarCompare" cvar="stunBatonCharge" operation="LTE" value="10"/>
		</triggered_effect>


		<triggered_effect trigger="onSelfDamagedOther" action="ModifyCVar" cvar="stunBatonCharge" operation="add" value="1">
			<requirement name="IsAlive" target="other"/>
			<requirement name="CVarCompare" cvar="stunBatonCharge" operation="LTE" value="4"/>
			<requirement name="IsPrimaryAttack"/>
		</triggered_effect>
		<triggered_effect trigger="onSelfDamagedOther" action="ModifyCVar" cvar="stunBatonCharge" operation="add" value="2">
			<requirement name="IsAlive" target="other"/>
			<requirement name="CVarCompare" cvar="stunBatonCharge" operation="LTE" value="4"/>
			<requirement name="IsSecondaryAttack"/>
		</triggered_effect>

		<triggered_effect trigger="onSelfDamagedOther" action="ModifyCVar" cvar="stunBatonCharge" operation="set" value="0">
			<requirement name="CVarCompare" cvar="stunBatonCharge" operation="GT" value="10"/> <!-- last attack will still add so check if above 4 -->
		</triggered_effect>
		<triggered_effect trigger="onSelfDamagedOther" action="AddPart" part="Sparks" prefab="ParticleEffects/p_electric_shock_small" parentTransform="Handle" localPos="0,0,0" localRot="0,0,0">
			<requirement name="CVarCompare" cvar="stunBatonCharge" operation="GTE" value="4"/>
			<requirement name="CVarCompare" cvar="stunBatonCharge" operation="LTE" value="10"/>
		</triggered_effect>

		<triggered_effect trigger="onSelfDamagedOther" action="PlaySound" sound="stunbaton_hit1">
			<requirement name="CVarCompare" cvar="stunBatonCharge" operation="Equals" value="1"/>
		</triggered_effect>

		<triggered_effect trigger="onSelfDamagedOther" action="PlaySound" sound="stunbaton_hit2">
			<requirement name="CVarCompare" cvar="stunBatonCharge" operation="Equals" value="2"/>
		</triggered_effect>

		<triggered_effect trigger="onSelfDamagedOther" action="PlaySound" sound="stunbaton_hit3">
			<requirement name="CVarCompare" cvar="stunBatonCharge" operation="Equals" value="3"/>
		</triggered_effect>

		<triggered_effect trigger="onSelfDamagedOther" action="PlaySound" sound="stunbaton_hit4">
			<requirement name="CVarCompare" cvar="stunBatonCharge" operation="Equals" value="4"/>
		</triggered_effect>

		<!--<triggered_effect trigger="onSelfDamagedOther" action="PlaySound" sound="stunbaton_hit5">
			<requirement name="CVarCompare" cvar="stunBatonCharge" operation="Equals" value="5"/>
		</triggered_effect>-->
	</effect_group>

	<effect_group name="Power Attack">
		<passive_effect name="EntityDamage" operation="perc_add" value="1" tags="secondary"/>
		<passive_effect name="BlockDamage" operation="perc_add" value="1" tags="secondary"/>
		<passive_effect name="StaminaLoss" operation="base_add" value="22.6" tags="secondary"/>
	</effect_group>
</item>





  </append>
</configs>