<configs>
<append xpath="/materials" >

<material id="airEnhanced">
	<property name="collidable" value="false" />
	<property name="lightopacity" value="0" />
	<property name="Hardness" type="float" value="50000" />
	<property name="Mass" type="int" value="30" />	  
</material>
<material id="airEnhanced2">
      <property name="damage_category" value="stone" />
      <property name="surface_category" value="stone" />
	<property name="collidable" value="true" />
	<property name="lightopacity" value="0" />
	<property name="stability_glue" value="50200" />
	<!-- <property name="Hardness" type="float" value="1" /> -->
	<property name="Mass" type="int" value="30" />
		<property name="MaxDamage" value="500"/>
	  
</material>

<material id="admininvisibleblock">
	<property name="damage_category" value="metal"/>
	<property name="surface_category" value="metal"/>
	<property name="forge_category" value="iron"/>
	<property name="Hardness" type="float" value="1"/>
	<property name="stepsound" value="metal"/>
	<property name="stability_glue" value="50000"/>
	<property name="Mass" type="int" value="30"/>
	<property name="explosionresistance" value="1.75"/>
	<property name="MaxDamage" value="200000"/>
</material>

</append>

</configs>