<configs>
  <set xpath="items/item[@name='meleeThrownSpearStone']/effect_group[@name='meleeThrownSpearStone']/passive_effect[@name='EntityDamage' and @operation='base_set']/@value">15</set>
  <set xpath="items/item[@name='meleeThrownSpearIron']/effect_group[@name='meleeThrownSpearIron']/passive_effect[@name='EntityDamage' and @operation='base_set']/@value">20</set>
  <set xpath="items/item[@name='meleeThrownSpearSteel']/effect_group[@name='meleeThrownSpearSteel']/passive_effect[@name='EntityDamage' and @operation='base_set']/@value">30</set>
  <set xpath="items/item[starts-with(@name, 'meleeThrownSpear')]/effect_group[@name='Throw']/passive_effect[@name='EntityDamage']/@value">5</set>
  <append xpath="items/item[starts-with(@name, 'meleeThrownSpear')]/effect_group[starts-with(@name, 'meleeThrownSpear')]">
		<passive_effect name="HarvestCount" operation="base_set" value="1" tags="butcherHarvest"/>
  </append>
</configs>
