<configs>
  <append xpath="/items">
     
   <!-- VIP items so that when people read it. they get vip items -->

    <item name="allbookskitpart1">
		<property name="Extends" value="questMaster"/>
		<property name="CustomIcon" value="questMaster"/>
		<property name="CustomIconTint" value="8B00FF"/>
        <property name="ItemTypeIcon" value="star"/>
		<property name="SellableToTrader" value="false"/>
		<property class="Action0">
			<property name="QuestGiven" value="allbooksitemspart1"/>
		</property>
	</item>


    <item name="allbookskitpart2">
		<property name="Extends" value="questMaster"/>
		<property name="CustomIcon" value="questMaster"/>
		<property name="CustomIconTint" value="8B00FF"/>
        <property name="ItemTypeIcon" value="star"/>
		<property name="SellableToTrader" value="false"/>
		<property class="Action0">
			<property name="QuestGiven" value="allbooksitemspart2"/>
		</property>
	</item>
    









  </append>



</configs>