<modtipsy>
<!-- OAK -->
  <append xpath="/blocks/block[@name='treeOakMed01']">
	<drop event="Destroy" name="resourceFeather" count="10"/>
  </append>
  <append xpath="/blocks/block[@name='treeOakMed02']">
	<drop event="Destroy" name="foodEgg" count="1"/>
	<drop event="Destroy" name="resourceFeather" count="10"/>
  </append> 
  <append xpath="/blocks/block[@name='treeOakLrg01']">
	<drop event="Destroy" name="foodEgg" count="1"/>
	<drop event="Destroy" name="resourceFeather" count="10"/>
	<drop event="Destroy" name="foodHoney" count="10"/>
  </append> 
  <append xpath="/blocks/block[@name='treePlantedOak16m']">
	<drop event="Destroy" name="resourceFeather" count="10"/>
  </append> 
  <append xpath="/blocks/block[@name='treePlantedOak27m']">
	<drop event="Destroy" name="foodEgg" count="1"/>
	<drop event="Destroy" name="resourceFeather" count="10"/>
  </append> 
  <append xpath="/blocks/block[@name='treePlantedOak41m']">
	<drop event="Destroy" name="foodEgg" count="1"/>
	<drop event="Destroy" name="resourceFeather" count="10"/>
	<drop event="Destroy" name="foodHoney" count="1"/>
  </append> 

 <!-- Pine --> 
  <append xpath="/blocks/block[@name='treeMountainPine19m']">
	<drop event="Destroy" name="resourceFeather" count="10"/>
  </append>
  <append xpath="/blocks/block[@name='treeMountainPine27m']">
	<drop event="Destroy" name="foodEgg" count="1"/>
	<drop event="Destroy" name="resourceFeather" count="10"/>
  </append> 
   <append xpath="/blocks/block[@name='treeMountainPine31m']">
	<drop event="Destroy" name="foodEgg" count="1"/>
	<drop event="Destroy" name="resourceFeather" count="10"/>
  </append> 
  <append xpath="/blocks/block[@name='treeMountainPine41m']">
  	<drop event="Destroy" name="foodEgg" count="1"/>
	<drop event="Destroy" name="resourceFeather" count="10"/>
  </append> 
  <append xpath="/blocks/block[@name='treeMountainPine48m']">
	<drop event="Destroy" name="foodEgg" count="1"/>
	<drop event="Destroy" name="resourceFeather" count="10"/>
	<drop event="Destroy" name="foodHoney" count="1"/>
  </append> 
  
  <!-- PinePlanted --> 
  <append xpath="/blocks/block[@name='treePlantedMountainPine12m']">
	<drop event="Destroy" name="resourceFeather" count="10"/>
  </append>
  <append xpath="/blocks/block[@name='treePlantedMountainPine19m']">
	<drop event="Destroy" name="foodEgg" count="1"/>
	<drop event="Destroy" name="resourceFeather" count="10"/>
  </append> 
   <append xpath="/blocks/block[@name='treePlantedMountainPine27m']">
	<drop event="Destroy" name="foodEgg" count="1"/>
	<drop event="Destroy" name="resourceFeather" count="10"/>
  </append> 
  <append xpath="/blocks/block[@name='treePlantedMountainPine41m']">
  	<drop event="Destroy" name="foodEgg" count="1"/>
	<drop event="Destroy" name="resourceFeather" count="10"/>
	<drop event="Destroy" name="foodHoney" count="1"/>
  </append> 

  <!-- PineWinter --> 
  <append xpath="/blocks/block[@name='treeWinterPine13m']">
	<drop event="Destroy" name="resourceFeather" count="10"/>
  </append>
  <append xpath="/blocks/block[@name='treeWinterPine19m']">
	<drop event="Destroy" name="foodEgg" count="1"/>
	<drop event="Destroy" name="resourceFeather" count="10"/>
  </append> 
   <append xpath="/blocks/block[@name='treeWinterPine28m']">
	<drop event="Destroy" name="foodEgg" count="1"/>
	<drop event="Destroy" name="resourceFeather" count="10"/>
	<drop event="Destroy" name="foodHoney" count="1"/>
  </append> 

  <!-- PineWinterPlanted --> 
  <append xpath="/blocks/block[@name='treePlantedWinterPine6m']">
	<drop event="Destroy" name="resourceFeather" count="10"/>
  </append>
  <append xpath="/blocks/block[@name='treePlantedWinterPine13m']">
	<drop event="Destroy" name="foodEgg" count="1"/>
	<drop event="Destroy" name="resourceFeather" count="10"/>
  </append> 
   <append xpath="/blocks/block[@name='treePlantedWinterPine19m']">
	<drop event="Destroy" name="foodEgg" count="1"/>
	<drop event="Destroy" name="resourceFeather" count="10"/>
  </append> 
   <append xpath="/blocks/block[@name='treePlantedWinterPine28m']">
	<drop event="Destroy" name="foodEgg" count="1"/>
	<drop event="Destroy" name="resourceFeather" count="10"/>
	<drop event="Destroy" name="foodHoney" count="1"/>
  </append>   

 
  

	<append xpath="/blocks">

<block name="TIPSY WorkBench">
	<property name="Class" value="Workstation"/>		
	<property name="Material" value="Mmetal"/>
	<property name="MaxDamage" value="800"/>
	<property name="CustomIcon" value="workbench" />
	<property name="CustomIconTint" value="34eb4c" />	
	<property name="StabilitySupport" value="false"/>
	<property name="Shape" value="ModelEntity"/>
	<property name="Model" value="Entities/Crafting/workbenchPrefab"/>
	<property name="ModelOffset" value=".5,.5,0"/>
	<property name="DisplayType" value="blockMulti"/>
	<property name="MultiBlockDim" value="2,2,1"/>
	<property name="ImposterDontBlock" value="true"/>
	<property name="Place" value="TowardsPlacerInverted"/>
	<property name="OnlySimpleRotations" value="true"/>
	<property name="IsTerrainDecoration" value="true"/>
	<property name="UnlockedBy" value="TIPSY WorkBench Schematic"/>
	<property name="HeatMapStrength" value="2"/>
	<property name="HeatMapTime" value="5000"/>
	<property name="HeatMapFrequency" value="1000"/>
	<!--<property name="RecipeList" value="backpack, workbench"/>-->
	<!--<property name="CraftTimeMultiplier" value="0.5,1"/>-->
	<property name="Stacknumber" value="1"/>

	<property class="Workstation">
		<property name="Modules" value="output"/>
		<property name="CraftingAreaRecipes" value="TIPSY WorkBench"/>
	</property>
	<property name="WorkstationIcon" value="ui_game_symbol_workbench"/>
	<property name="OpenSound" value="open_workbench"/>
	<property name="CloseSound" value="close_workbench"/>
	<property name="WorkstationJournalTip" value="workbenchTip"/>

	<property class="RepairItems">
		<property name="resourceForgedIron" value="25"/>
		<property name="resourceMechanicalParts" value="20"/>
		<property name="resourceWood" value="50"/>
	</property>
	<drop event="Harvest" name="resourceScrapIron" count="200" tag="allHarvest"/>
	<drop event="Harvest" name="resourceWood" count="20" tag="allHarvest"/>
	<drop event="Harvest" name="terrStone" count="0" tool_category="Disassemble"/>
	<drop event="Harvest" name="resourceForgedIron" count="10" tag="salvageHarvest"/>
	<drop event="Harvest" name="resourceMechanicalParts" count="8" tag="salvageHarvest"/>
	<drop event="Harvest" name="resourceWood" count="20" tag="salvageHarvest"/>
	<drop event="Destroy" count="0"/>
	<drop event="Fall" name="terrDestroyedWoodDebris" count="1" prob="0.75" stick_chance="1"/>
	<property name="TakeDelay" value="15"/>
	<property name="DescriptionKey" value="workbenchDesc"/>
	<property name="EconomicValue" value="2000"/>
	<property name="Group" value="Building,advBuilding"/>
	<property name="FilterTags" value="fdecor,fother,ffurniture"/>
	<property name="SortOrder1" value="70i0"/>
</block>
	
	<block name="Weapons Machine">
		<property name="Class" value="Workstation"/>
		<property name="CustomIcon" value="cntVendingMachineTrader" />
		<property name="CustomIconTint" value="34eb4c" />	
		<property name="Material" value="Mwood"/>
		<property name="MaxDamage" value="800"/>
		<property name="StabilitySupport" value="false"/>
		<property name="Shape" value="ModelEntity"/>
		<property name="Model" value="Entities/Crafting/vending_machine_traderPrefab"/>
		<property name="DisplayType" value="blockMulti"/>
		<property name="UnlockedBy" value="Weapons Machine Schematic"/>
		<property name="ImposterDontBlock" value="true"/>
		<property name="Place" value="TowardsPlacerInverted"/>
		<property name="OnlySimpleRotations" value="true"/>
		<property name="IsTerrainDecoration" value="true"/>
		<property name="HeatMapStrength" value="1"/>
		<property name="HeatMapTime" value="600"/>
		<property name="HeatMapFrequency" value="60"/>
		<property name="Stacknumber" value="1"/>
		<property class="Workstation">
			<property name="CraftingAreaRecipes" value="Weapons Machine"/>			
			<property name="Modules" value="output,input"/>
			</property>
		<property name="WorkstationIcon" value="ui_game_symbol_workbench"/>
		<property name="OpenSound" value="forge_open"/>
		<property name="CloseSound" value="forge_close"/>
		<property class="RepairItems">
			<property name="resourceForgedIron" value="25"/>
			<property name="resourceMechanicalParts" value="20"/>
			<property name="resourceWood" value="50"/>
		</property>
		<drop event="Harvest" name="resourceScrapIron" count="200" tag="allHarvest"/>
		<drop event="Harvest" name="resourceWood" count="20" tag="allHarvest"/>
		<drop event="Harvest" name="terrStone" count="0" tool_category="Disassemble"/>
		<drop event="Harvest" name="resourceForgedIron" count="10" tag="salvageHarvest"/>
		<drop event="Harvest" name="resourceMechanicalParts" count="8" tag="salvageHarvest"/>
		<drop event="Harvest" name="resourceWood" count="20" tag="salvageHarvest"/>
		<drop event="Destroy" count="0"/>
		<drop event="Fall" name="terrDestroyedWoodDebris" count="1" prob="0.75" stick_chance="1"/>
		<property name="TakeDelay" value="15"/>
		<property name="DescriptionKey" value="workbenchDesc"/>
		<property name="EconomicValue" value="2000"/>
		<property name="Group" value="Building,advBuilding"/>
		<property name="FilterTags" value="fdecor,fother,ffurniture"/>
		<property name="SortOrder1" value="70i0"/>
	</block>
	
	<block name="Mod Machine">
		<property name="Class" value="Workstation"/>
		<property name="CreativeMode" value="Dev"/>
		<property name="CustomIcon" value="cntVendingMachineTrader" />
		<property name="CustomIconTint" value="34eb4c" />	
		<property name="Material" value="Mwood"/>
		<property name="MaxDamage" value="800"/>
		<property name="StabilitySupport" value="false"/>
		<property name="Shape" value="ModelEntity"/>
		<property name="Model" value="Entities/Crafting/vending_machine_traderPrefab"/>
		<property name="DisplayType" value="blockMulti"/>
		<property name="ImposterDontBlock" value="true"/>
		<property name="Place" value="TowardsPlacerInverted"/>
		<property name="OnlySimpleRotations" value="true"/>
		<property name="IsTerrainDecoration" value="true"/>
		<property name="HeatMapStrength" value="1"/>
		<property name="HeatMapTime" value="600"/>
		<property name="HeatMapFrequency" value="60"/>
		<property name="Stacknumber" value="1"/>
		<property class="Workstation">
			<property name="CraftingAreaRecipes" value="Mod Machine"/>			
			<property name="Modules" value="output,input"/>
			</property>
		<property name="WorkstationIcon" value="ui_game_symbol_workbench"/>
		<property name="OpenSound" value="open_cash_register"/>
		<property name="CloseSound" value="close_cash_register"/>
		<property class="RepairItems">
			<property name="resourceForgedIron" value="25"/>
			<property name="resourceMechanicalParts" value="20"/>
			<property name="resourceWood" value="50"/>
		</property>
		<drop event="Harvest" name="resourceScrapIron" count="200" tag="allHarvest"/>
		<drop event="Harvest" name="resourceWood" count="20" tag="allHarvest"/>
		<drop event="Harvest" name="terrStone" count="0" tool_category="Disassemble"/>
		<drop event="Harvest" name="resourceForgedIron" count="10" tag="salvageHarvest"/>
		<drop event="Harvest" name="resourceMechanicalParts" count="8" tag="salvageHarvest"/>
		<drop event="Harvest" name="resourceWood" count="20" tag="salvageHarvest"/>
		<drop event="Destroy" count="0"/>
		<drop event="Fall" name="terrDestroyedWoodDebris" count="1" prob="0.75" stick_chance="1"/>
		<property name="TakeDelay" value="15"/>
		<property name="DescriptionKey" value="workbenchDesc"/>
		<property name="EconomicValue" value="2000"/>
		<property name="Group" value="Building,advBuilding"/>
		<property name="FilterTags" value="fdecor,fother,ffurniture"/>
		<property name="SortOrder1" value="70i0"/>
	</block>	

	<block name="Rabbits Stacking">
		<property name="Class" value="Workstation"/>
		<property name="CustomIcon" value="palletWhiteBagsBase" />
		<property name="CustomIconTint" value="34eb4c" />	
		<property name="Material" value="Mwood"/>
		<property name="MaxDamage" value="800"/>
		<property name="StabilitySupport" value="false"/>
		<property name="Shape" value="ModelEntity"/>
		<property name="Model" value="Entities/Industrial/pallet_bags_basePrefab"/>
		<property name="DisplayType" value="blockMulti"/>
		<property name="ImposterDontBlock" value="true"/>
		<property name="Place" value="TowardsPlacerInverted"/>
		<property name="OnlySimpleRotations" value="true"/>
		<property name="IsTerrainDecoration" value="true"/>
		<property name="HeatMapStrength" value="1"/>
		<property name="HeatMapTime" value="600"/>
		<property name="HeatMapFrequency" value="60"/>
		<property name="Stacknumber" value="1"/>
		<property class="Workstation">
			<property name="CraftingAreaRecipes" value="Rabbits Stacking"/>			
			<property name="Modules" value="output,input"/>
			</property>
		<property name="WorkstationIcon" value="ui_game_symbol_workbench"/>
		<property name="OpenSound" value="open_workbench"/>
		<property name="CloseSound" value="close_workbench"/>
		<property class="RepairItems">
			<property name="resourceForgedIron" value="25"/>
			<property name="resourceMechanicalParts" value="20"/>
			<property name="resourceWood" value="50"/>
		</property>
		<drop event="Harvest" name="resourceScrapIron" count="200" tag="allHarvest"/>
		<drop event="Harvest" name="resourceWood" count="20" tag="allHarvest"/>
		<drop event="Harvest" name="terrStone" count="0" tool_category="Disassemble"/>
		<drop event="Harvest" name="resourceForgedIron" count="10" tag="salvageHarvest"/>
		<drop event="Harvest" name="resourceMechanicalParts" count="8" tag="salvageHarvest"/>
		<drop event="Harvest" name="resourceWood" count="20" tag="salvageHarvest"/>
		<drop event="Destroy" count="0"/>
		<drop event="Fall" name="terrDestroyedWoodDebris" count="1" prob="0.75" stick_chance="1"/>
		<property name="TakeDelay" value="15"/>
		<property name="DescriptionKey" value="workbenchDesc"/>
		<property name="EconomicValue" value="2000"/>
		<property name="Group" value="Building,advBuilding"/>
		<property name="FilterTags" value="fdecor,fother,ffurniture"/>
		<property name="SortOrder1" value="70i0"/>
	</block>
	
	<block name="TIPSY Grill">
		<property name="Class" value="Campfire"/>
		<property name="Material" value="MstoneNoGlue"/>
		<property name="CustomIcon" value="cntCharcoalGrillOpen" />
		<property name="CustomIconTint" value="34eb4c" />		
		<property name="MaxDamage" value="100"/>
		<property name="StabilitySupport" value="false"/> <!-- build restriction -->
		<property name="Shape" value="ModelEntity"/>
		<property name="Model" value="#Entities/LootContainers?GasGrill_EmptyPrefab.prefab"/>
		<property name="ImposterDontBlock" value="true"/>
		<property name="Collide" value="movement,melee,bullet,arrow,rocket"/>
		<property name="IsTerrainDecoration" value="true"/>
		<property name="ParticleName" value="campfire"/>
		<property name="UnlockedBy" value="TIPSY Grill Schematic"/>
		<property name="ParticleOffset" value="0.5,0,0.5"/>
		<property name="Stacknumber" value="1"/>
		<property name="HeatMapStrength" value="5"/>
		<property name="HeatMapTime" value="5000"/>
		<property name="HeatMapFrequency" value="1000"/>
		<property name="BuffsWhenWalkedOn" value="buffBurningEnvironment"/>
		<property name="ActiveRadiusEffects" value="buffCampfireAOE(3)"/>

		<property class="Workstation">
			<property name="CraftingAreaRecipes" value="TIPSY Grill"/>	
			<property name="Modules" value="tools,output,fuel,input"/>
			<property name="Collide" value="melee,bullet,arrow,rocket"/>
		</property>
		<property name="WorkstationIcon" value="ui_game_symbol_campfire"/>
		<property name="CraftActionName" value="lblContextActionCook"/>
		<property name="CraftIcon" value="ui_game_symbol_spatula"/>
		<property name="OpenSound" value="campfire_open"/>
		<property name="CloseSound" value="campfire_close"/>
		<property name="CraftSound" value="campfire_cook_click"/>
		<property name="CraftCompleteSound" value="campfire_complete_item"/>
		<property name="WorkstationJournalTip" value="heatMapTip"/>
		<property name="PickupJournalEntry" value="campfireTip"/>

		<property class="RepairItems"> <property name="resourceRockSmall" value="8"/> </property>
		<drop event="Harvest" name="terrStone" count="0" tool_category="Disassemble"/>
		<drop event="Harvest" name="" count="0" tag="salvageHarvest"/>
		<drop event="Destroy" count="0"/>
		<property name="Group" value="Basics,Food/Cooking,Building,advBuilding"/>
		<property name="DescriptionKey" value="campfireDesc"/>
		<property name="EconomicValue" value="5"/>
		<property name="EconomicBundleSize" value="1"/>
		<property name="SellableToTrader" value="false"/>
		<property name="FilterTags" value="fdecor,fother,ffurniture"/>
		<property name="SortOrder1" value="70i0"/>
	</block>	
		
	
	</append>	
</modtipsy>