<modtipsy>

	<set xpath="/items/item[contains(@name,'medical')]/property[@name='Stacknumber']/@value">500</set>
	<set xpath="/items/item[contains(@name,'drug')]/property[@name='Stacknumber']/@value">250</set>

	<append xpath="/items">
	
<!-- KITS-->
	
	<item name="AdvanceRepairKit">
		<property name="HoldType" value="45"/>
		<property name="Tags" value="junk"/>
		<property name="CustomIcon" value="resourceRepairKit"/>
		<property name="CustomIconTint" value="424bf5" />
		<property name="Meshfile" value="#Other/Items?Misc/sackPrefab.prefab"/>
		<property name="DropMeshfile" value="#Other/Items?Misc/sack_droppedPrefab.prefab"/>
		<property name="Material" value="Msteel"/>
		<property name="Stacknumber" value="50"/> <!-- STK resourceRepairKit -->
		<property name="EconomicValue" value="300"/>
		<property name="RepairTime" value="1"/>
		<property name="RepairAmount" value="32000"/>
		<property name="Group" value="Resources"/>
	</item>
	
	<item name="GunKit">
		<property name="HoldType" value="45"/>
		<property name="Tags" value="junk"/>
		<property name="CustomIcon" value="resourceRepairKit"/>
		<property name="CustomIconTint" value="424bf5" />
		<property name="Meshfile" value="#Other/Items?Misc/sackPrefab.prefab"/>
		<property name="DropMeshfile" value="#Other/Items?Misc/sack_droppedPrefab.prefab"/>
		<property name="Material" value="Msteel"/>
		<property name="Stacknumber" value="50"/> <!-- STK resourceRepairKit -->
		<property name="EconomicValue" value="300"/>
		<property name="RepairTime" value="1"/>
		<property name="RepairAmount" value="32000"/>
		<property name="Group" value="Resources"/>
	</item>
	
	<item name="GoDKit">
		<property name="HoldType" value="45"/>
		<property name="Tags" value="junk"/>
		<property name="CustomIcon" value="resourceRepairKit"/>
		<property name="CustomIconTint" value="424bf5" />
		<property name="Meshfile" value="#Other/Items?Misc/sackPrefab.prefab"/>
		<property name="DropMeshfile" value="#Other/Items?Misc/sack_droppedPrefab.prefab"/>
		<property name="Material" value="Msteel"/>
		<property name="Stacknumber" value="50"/> <!-- STK resourceRepairKit -->
		<property name="EconomicValue" value="300"/>
		<property name="RepairTime" value="1"/>
		<property name="RepairAmount" value="32000"/>
		<property name="Group" value="Resources"/>
	</item>	
	
<!-- RESOURCES-->

	<item name="GunBarrels"> <!-- scrap material -->
		<property name="DescriptionKey" value="GunSpringsDesc"/>	
		<property name="CustomIcon" value="resourceMetalPipe" />
		<property name="CustomIconTint" value="424bf5" />		
		<property name="HoldType" value="45"/>
		<property name="Tags" value="junk"/>
		<property name="Meshfile" value="#Other/Items?Misc/sackPrefab.prefab"/>
		<property name="DropMeshfile" value="#Other/Items?Misc/sack_droppedPrefab.prefab"/>
		<property name="Material" value="MmechanicalParts"/> <property name="Weight" value="5"/>
		<property name="Stacknumber" value="1000"/> <!-- STK resource -->
		<property name="EconomicValue" value="100"/>
		<property name="Group" value="Resources"/>
		<property name="CraftingIngredientExp" value="15"/>
		<property name="CraftingIngredientTime" value="2"/>
		<!-- <property name="RepairTime" value="2"/>
		<property name="RepairAmount" value="400"/> -->
	</item>
	
	<item name="Perfect Steel"> <!-- scrap material -->
		<property name="DescriptionKey" value="PerfectSteelDesc"/>	
		<property name="CustomIcon" value="resourceForgedSteel" />
		<property name="CustomIconTint" value="424bf5" />		
		<property name="HoldType" value="45"/>
		<property name="Tags" value="junk"/>
		<property name="Meshfile" value="#Other/Items?Misc/sackPrefab.prefab"/>
		<property name="DropMeshfile" value="#Other/Items?Misc/sack_droppedPrefab.prefab"/>
		<property name="Material" value="MmechanicalParts"/> <property name="Weight" value="5"/>
		<property name="Stacknumber" value="6000"/> <!-- STK resource -->
		<property name="EconomicValue" value="100"/>
		<property name="Group" value="Resources"/>
		<property name="CraftingIngredientExp" value="15"/>
		<property name="CraftingIngredientTime" value="2"/>
		<!-- <property name="RepairTime" value="2"/>
		<property name="RepairAmount" value="400"/> -->
	</item>

	<item name="Perfect Iron"> <!-- scrap material -->
		<property name="DescriptionKey" value="PerfectIronDesc"/>	
		<property name="CustomIcon" value="resourceForgedIron" />
		<property name="CustomIconTint" value="424bf5" />		
		<property name="HoldType" value="45"/>
		<property name="Tags" value="junk"/>
		<property name="Meshfile" value="#Other/Items?Misc/sackPrefab.prefab"/>
		<property name="DropMeshfile" value="#Other/Items?Misc/sack_droppedPrefab.prefab"/>
		<property name="Material" value="MmechanicalParts"/> <property name="Weight" value="5"/>
		<property name="Stacknumber" value="6000"/> <!-- STK resource -->
		<property name="EconomicValue" value="100"/>
		<property name="Group" value="Resources"/>
		<property name="CraftingIngredientExp" value="15"/>
		<property name="CraftingIngredientTime" value="2"/>
		<!-- <property name="RepairTime" value="2"/>
		<property name="RepairAmount" value="400"/> -->
	</item>	

	<item name="GunSprings"> <!-- scrap material -->
		<property name="DescriptionKey" value="GunSpringsDesc"/>	
		<property name="CustomIcon" value="resourceSpring" />
		<property name="CustomIconTint" value="424bf5" />		
		<property name="HoldType" value="45"/>
		<property name="Tags" value="junk"/>
		<property name="Meshfile" value="#Other/Items?Misc/sackPrefab.prefab"/>
		<property name="DropMeshfile" value="#Other/Items?Misc/sack_droppedPrefab.prefab"/>
		<property name="Material" value="MmechanicalParts"/> <property name="Weight" value="5"/>
		<property name="Stacknumber" value="1000"/> <!-- STK resource -->
		<property name="EconomicValue" value="100"/>
		<property name="Group" value="Resources"/>
		<property name="CraftingIngredientExp" value="15"/>
		<property name="CraftingIngredientTime" value="2"/>
		<!-- <property name="RepairTime" value="2"/>
		<property name="RepairAmount" value="400"/> -->
	</item>
	
	<item name="GunTape"> <!-- scrap material -->
		<property name="DescriptionKey" value="GunTapeDesc"/>	
		<property name="CustomIcon" value="resourceDuctTape" />
		<property name="CustomIconTint" value="424bf5" />		
		<property name="HoldType" value="45"/>
		<property name="Tags" value="junk"/>
		<property name="Meshfile" value="#Other/Items?Misc/sackPrefab.prefab"/>
		<property name="DropMeshfile" value="#Other/Items?Misc/sack_droppedPrefab.prefab"/>
		<property name="Material" value="MmechanicalParts"/> <property name="Weight" value="5"/>
		<property name="Stacknumber" value="1000"/> <!-- STK resource -->
		<property name="EconomicValue" value="100"/>
		<property name="Group" value="Resources"/>
		<property name="CraftingIngredientExp" value="15"/>
		<property name="CraftingIngredientTime" value="2"/>
		<!-- <property name="RepairTime" value="2"/>
		<property name="RepairAmount" value="400"/> -->
	</item>	
	
	<item name="AdvanceMechaParts"> <!-- scrap material -->
		<property name="DescriptionKey" value="AdvanceMechaPartsDesc"/>	
		<property name="CustomIcon" value="resourceMechanicalParts" />
		<property name="CustomIconTint" value="424bf5" />		
		<property name="HoldType" value="45"/>
		<property name="Tags" value="junk"/>
		<property name="Meshfile" value="#Other/Items?Misc/sackPrefab.prefab"/>
		<property name="DropMeshfile" value="#Other/Items?Misc/sack_droppedPrefab.prefab"/>
		<property name="Material" value="MmechanicalParts"/> <property name="Weight" value="5"/>
		<property name="Stacknumber" value="1000"/> <!-- STK resource -->
		<property name="EconomicValue" value="150"/>
		<property name="Group" value="Resources"/>
		<property name="CraftingIngredientExp" value="15"/>
		<property name="CraftingIngredientTime" value="2"/>
		<!-- <property name="RepairTime" value="2"/>
		<property name="RepairAmount" value="400"/> -->
	</item>
	
	<item name="AdvanceElectricParts"> <!-- scrap material -->
		<property name="DescriptionKey" value="AdvanceElectricPartsDesc"/>	
		<property name="CustomIcon" value="resourceElectricParts" />
		<property name="CustomIconTint" value="424bf5" />
		<property name="HoldType" value="45"/>
		<property name="Tags" value="junk"/>
		<property name="Meshfile" value="#Other/Items?Misc/sackPrefab.prefab"/>
		<property name="DropMeshfile" value="#Other/Items?Misc/sack_droppedPrefab.prefab"/>
		<property name="Material" value="MelectricParts"/>
		<property name="Weight" value="1"/>
		<property name="Stacknumber" value="1000"/> <!-- STK resource -->
		<property name="EconomicValue" value="150"/>
		<property name="Group" value="Resources"/>
		<property name="CraftingIngredientExp" value="15"/>
		<property name="CraftingIngredientTime" value="2"/>
		<!-- <property name="RepairTime" value="2"/>
		<property name="RepairAmount" value="400"/> -->
	</item>

	<item name="AdvanceElectronicParts"> <!-- scrap material -->
		<property name="DescriptionKey" value="AdvanceElectronicPartsDesc"/>	
		<property name="CustomIcon" value="resourceElectronicParts" />
		<property name="CustomIconTint" value="424bf5" />	
		<property name="HoldType" value="45"/>
		<property name="Tags" value="junk"/>
		<property name="Meshfile" value="#Other/Items?Misc/sackPrefab.prefab"/>
		<property name="DropMeshfile" value="#Other/Items?Misc/sack_droppedPrefab.prefab"/>
		<property name="Material" value="MelectronicParts"/>
		<property name="Weight" value="1"/>
		<property name="Stacknumber" value="1000"/> <!-- STK resource -->
		<property name="EconomicValue" value="150"/>
		<property name="Group" value="Resources"/>
		<property name="CraftingIngredientExp" value="15"/>
		<property name="CraftingIngredientTime" value="2"/>
		<!-- <property name="RepairTime" value="2"/>
		<property name="RepairAmount" value="400"/> -->
	</item>
	
	<item name="Diamond Tool Parts"> <!-- scrap material -->
		<property name="DescriptionKey" value="DiamondToolPartsDesc"/>	
		<property name="CustomIcon" value="meleeToolAllSteelParts" />
		<property name="CustomIconTint" value="424bf5" />	
		<property name="HoldType" value="45"/>
		<property name="Tags" value="junk"/>
		<property name="Meshfile" value="#Other/Items?Misc/sackPrefab.prefab"/>
		<property name="DropMeshfile" value="#Other/Items?Misc/sack_droppedPrefab.prefab"/>
		<property name="Material" value="MelectronicParts"/>
		<property name="Weight" value="1"/>
		<property name="Stacknumber" value="1000"/> <!-- STK resource -->
		<property name="EconomicValue" value="1000"/>
		<property name="Group" value="Resources"/>
		<property name="CraftingIngredientExp" value="15"/>
		<property name="CraftingIngredientTime" value="2"/>
		<!-- <property name="RepairTime" value="2"/>
		<property name="RepairAmount" value="400"/> -->
	</item>	
	
	<item name="Diamond Moter Parts"> <!-- scrap material -->
		<property name="DescriptionKey" value="DiamondToolPartsDesc"/>	
		<property name="CustomIcon" value="meleeToolChainsawParts" />
		<property name="CustomIconTint" value="424bf5" />	
		<property name="HoldType" value="45"/>
		<property name="Tags" value="junk"/>
		<property name="Meshfile" value="#Other/Items?Misc/sackPrefab.prefab"/>
		<property name="DropMeshfile" value="#Other/Items?Misc/sack_droppedPrefab.prefab"/>
		<property name="Material" value="MelectronicParts"/>
		<property name="Weight" value="1"/>
		<property name="Stacknumber" value="1000"/> <!-- STK resource -->
		<property name="EconomicValue" value="1000"/>
		<property name="Group" value="Resources"/>
		<property name="CraftingIngredientExp" value="15"/>
		<property name="CraftingIngredientTime" value="2"/>
		<!-- <property name="RepairTime" value="2"/>
		<property name="RepairAmount" value="400"/> -->
	</item>
	
	<item name="TIPSYTokens">
		<property name="Tags" value="dukes"/>
		<property name="CustomIcon" value="casinoCoin" />
		<property name="CustomIconTint" value="ff0000" />
		<property name="HoldType" value="45"/>
		<property name="Meshfile" value="#Other/Items?Misc/sackPrefab.prefab"/>
		<property name="DropMeshfile" value="#Other/Items?Misc/sack_droppedPrefab.prefab"/>
		<property name="Material" value="MresourceScrapBrassSmall"/>
		<property name="MeltTimePerUnit" value=".4"/>
		<property name="Weight" value="1"/>
		<property name="Stacknumber" value="5000"/> <!-- STK resource -->
		<property name="EconomicValue" value="5"/>
		<property name="EconomicBundleSize" value="1"/>
		<property name="SellableToTrader" value="false"/>
	</item>

<!--BOOKS-->
		
	<item name="TIPSY WorkBench Schematic">
			<property name="Extends" value="schematicNoQualityMaster"/>
			<property name="DescriptionKey" value="TIPSYWorkBenchSchematicDesc"/>
			<property name="CreativeMode" value="Player"/>
			<property name="Meshfile" value="#Other/Items?Misc/bookPrefab.prefab"/>
			<property name="DropMeshfile" value="#Other/Items?Misc/sack_droppedPrefab.prefab"/>
			<property name="Material" value="Mpaper"/>
			<property name="CustomIcon" value="schematicMaster"/>
			<property name="CustomIconTint" value="03fcec"/>
			<property name="Unlocks" value="TIPSY WorkBench"/>
			<effect_group tiered="false">
				<triggered_effect trigger="onSelfPrimaryActionEnd" action="ModifyCVar" cvar="TIPSY WorkBench" operation="set" value="1"/>
				<triggered_effect trigger="onSelfPrimaryActionEnd" action="GiveExp" exp="50"/>
			</effect_group>
	</item>
	
	<item name="Weapons Machine Schematic">
			<property name="Extends" value="schematicNoQualityMaster"/>
			<property name="DescriptionKey" value="WeaponsMechineSchematicDesc"/>
			<property name="CreativeMode" value="Player"/>
			<property name="Meshfile" value="#Other/Items?Misc/bookPrefab.prefab"/>
			<property name="DropMeshfile" value="#Other/Items?Misc/sack_droppedPrefab.prefab"/>
			<property name="Material" value="Mpaper"/>
			<property name="CustomIcon" value="schematicMaster"/>
			<property name="CustomIconTint" value="03fcec"/>
			<property name="Unlocks" value="Weapons Machine"/>
			<effect_group tiered="false">
				<triggered_effect trigger="onSelfPrimaryActionEnd" action="ModifyCVar" cvar="Weapons Machine" operation="set" value="1"/>
				<triggered_effect trigger="onSelfPrimaryActionEnd" action="GiveExp" exp="50"/>
			</effect_group>
	</item>
	
	<item name="TIPSY Grill Schematic">
			<property name="Extends" value="schematicNoQualityMaster"/>
			<property name="DescriptionKey" value="TIPSYGrillSchematicDesc"/>
			<property name="CreativeMode" value="Player"/>
			<property name="Meshfile" value="#Other/Items?Misc/bookPrefab.prefab"/>
			<property name="DropMeshfile" value="#Other/Items?Misc/sack_droppedPrefab.prefab"/>
			<property name="Material" value="Mpaper"/>
			<property name="CustomIcon" value="schematicMaster"/>
			<property name="CustomIconTint" value="03fcec"/>
			<property name="Unlocks" value="TIPSY Grill"/>
			<effect_group tiered="false">
				<triggered_effect trigger="onSelfPrimaryActionEnd" action="ModifyCVar" cvar="TIPSY Grill" operation="set" value="1"/>
				<triggered_effect trigger="onSelfPrimaryActionEnd" action="GiveExp" exp="50"/>
			</effect_group>
	</item>	
	
	
	
	</append>
</modtipsy>