<configs>
	<append xpath="/buffs">
		<buff name="wrestlerPassive01" hidden="true">
			<duration value=".25"/>
			<effect_group>
				<triggered_effect trigger="onSelfBuffFinish" action="AddBuff" buff="wrestlerPassive02"/>
				<triggered_effect trigger="onSelfBuffStart" action="AddBuff" target="positionAOE" range="30" buff="wrestlerBuff"/>
			</effect_group>
		</buff>
		<buff name="wrestlerPassive02" hidden="true">
			<duration value=".25"/>
			<effect_group>
				<triggered_effect trigger="onSelfBuffFinish" action="AddBuff" buff="wrestlerPassive01"/>
				<triggered_effect trigger="onSelfBuffStart" action="AddBuff" target="positionAOE" range="30" buff="wrestlerBuff"/>
			</effect_group>
		</buff>
		<buff name="wrestlerBuff" name_key="Taunt" tooltip_key="PROVOCADO! 4x daño melee | 0.25x daño a distancia" icon="ui_game_symbol_muscle" icon_color="255,255,255" icon_blink="true">
			<stack_type value="replace"/>
			<duration value="2"/>
			<update_rate value="1"/>
			<effect_group>
				<requirement name="EntityTagCompare" tags="player"/>
				<triggered_effect trigger="onSelfBuffStart" action="ModifyScreenEffect" intensity="1" fade="2" effect_name="Hot"/>
				<triggered_effect trigger="onSelfBuffRemove" action="ModifyScreenEffect" intensity="0" fade="1" effect_name="Hot"/>
				<passive_effect name="EntityDamage" operation="perc_subtract" value="0.75">
					<requirement name="HoldingItemHasTags" tags="ranged"/>
				</passive_effect>
				<passive_effect name="RunSpeed" operation="perc_subtract" value="0.5">
					<requirement name="HoldingItemHasTags" tags="ranged"/>
				</passive_effect>
				<passive_effect name="WalkSpeed" operation="perc_subtract" value="0.5">
					<requirement name="HoldingItemHasTags" tags="ranged"/>
				</passive_effect>
				<passive_effect name="EntityDamage" operation="perc_add" value="4">
					<requirement name="HoldingItemHasTags" tags="melee"/>
				</passive_effect>
				<passive_effect name="RunSpeed" operation="perc_add" value="1">
					<requirement name="HoldingItemHasTags" tags="melee"/>
				</passive_effect>
				<passive_effect name="WalkSpeed" operation="perc_add" value="1">
					<requirement name="HoldingItemHasTags" tags="melee"/>
				</passive_effect>
			</effect_group>
		</buff>
		<buff name="ScorcherDeco" hidden="true">
			<effect_group>
				<triggered_effect trigger="onSelfBuffStart" action="AttachPrefabToEntity" prefab="#Other/Items?Weapons/Ranged/JunkTurret/junkTurret_Prefab.prefab" parent_transform="LeftShoulder" local_offset=".15,-.15,0" local_rotation="0,0,0"/>
				<triggered_effect trigger="onSelfBuffStart" action="AttachPrefabToEntity" prefab="#Other/Items?Weapons/Ranged/JunkTurret/junkTurret_Prefab.prefab" parent_transform="RightShoulder" local_offset="-.15,.15,0" local_rotation="180,0,0"/>
				<triggered_effect trigger="onSelfBuffStart" action="AttachPrefabToEntity" prefab="Entities/Industrial/barrelOilPrefab" local_offset=".275,.35,-.2" local_rotation="0,0,0" parent_transform="Spine"/>
				<triggered_effect trigger="onSelfBuffStart" action="AttachPrefabToEntity" prefab="Entities/Industrial/barrelGasPrefab" local_offset="-.175,.35,-.2" local_rotation="0,0,0" parent_transform="Spine"/>
				<triggered_effect trigger="onSelfBuffStart" action="SetTransformActive" active="false"  parent_transform="RightShoulder" transform_path="BaseMesh"/>
				<triggered_effect trigger="onSelfBuffStart" action="SetTransformActive" active="false"  parent_transform="RightShoulder" transform_path="turret_cone"/>
				<triggered_effect trigger="onSelfBuffStart" action="SetTransformActive" active="false"  parent_transform="RightShoulder" transform_path="DiscMesh"/>
				<triggered_effect trigger="onSelfBuffStart" action="SetTransformActive" active="false"  parent_transform="RightShoulder" transform_path="turret_laser"/>
				<triggered_effect trigger="onSelfBuffStart" action="SetTransformActive" active="false"  parent_transform="LeftShoulder" transform_path="BaseMesh"/>
				<triggered_effect trigger="onSelfBuffStart" action="SetTransformActive" active="false"  parent_transform="LeftShoulder" transform_path="turret_cone"/>
				<triggered_effect trigger="onSelfBuffStart" action="SetTransformActive" active="false"  parent_transform="LeftShoulder" transform_path="DiscMesh"/>
				<triggered_effect trigger="onSelfBuffStart" action="SetTransformActive" active="false"  parent_transform="LeftShoulder" transform_path="turret_laser"/>
				<triggered_effect trigger="onSelfBuffStart" action="SetTransformActive" active="false"  transform_path="Detonator"/>
			</effect_group>
		</buff>
		<buff name="mantisDeco" hidden="true">
			<effect_group>
				<triggered_effect trigger="onSelfBuffStart" action="AttachPrefabToEntity" prefab="#Other/Items?Weapons/Melee/Knives/machetePrefab.prefab" local_offset="-.25,0,0" local_rotation="0,-90,180" parent_transform="RightForeArm"/>
				<triggered_effect trigger="onSelfBuffStart" action="AttachPrefabToEntity" prefab="#Other/Items?Weapons/Melee/Knives/machetePrefab.prefab" local_offset="-.25,0,0" local_rotation="180,90,180" parent_transform="LeftForeArm"/>
			</effect_group>
		</buff>
		<buff name="BDeco" hidden="true">
			<effect_group></effect_group>
		</buff>
		<buff name="buffSiren" hidden="true">
			<update_rate value=".1"/>
			<effect_group>
				<triggered_effect trigger="onSelfBuffUpdate" action="AddBuff" target="positionAOE" range="15" buff="SirenPassiveC">
					<requirement name="EntityTagCompare" target="other" tags="player"/>
				</triggered_effect>
				<triggered_effect trigger="onSelfBuffUpdate" action="AddBuff" target="positionAOE" range="25" buff="SirenPassiveB">
					<requirement name="EntityTagCompare" target="other" tags="player"/>
					<requirement name="NotHasBuff" target="other" buff="SirenPassiveC"/>
				</triggered_effect>
				<triggered_effect trigger="onSelfBuffUpdate" action="AddBuff" target="positionAOE" range="35" buff="SirenPassiveA">
					<requirement name="EntityTagCompare" target="other" tags="player"/>
					<requirement name="NotHasBuff" target="other" buff="SirenPassiveB"/>
					<requirement name="NotHasBuff" target="other" buff="SirenPassiveC"/>
				</triggered_effect>
			</effect_group>
		</buff>
		<buff name="SirenPassiveA" hidden="true">
			<stack_type value="replace"/>
			<duration value="1"/>
			<effect_group>
				<triggered_effect trigger="onSelfBuffStart" action="PlaySound" sound="sirenweak" play_in_head="true"/>
				<triggered_effect trigger="onSelfBuffFinish" action="StopSound" sound="sirenweak" />
			</effect_group>
		</buff>
		<buff name="SirenPassiveB" hidden="true">
			<stack_type value="replace"/>
			<duration value="1"/>
			<effect_group>
				<triggered_effect trigger="onSelfBuffStart" action="PlaySound" sound="sirenmed" play_in_head="true"/>
				<triggered_effect trigger="onSelfBuffFinish" action="StopSound" sound="sirenmed" />
				<triggered_effect trigger="onSelfBuffStart" action="RemoveBuff" buff="SirenPassiveA"/>
			</effect_group>
		</buff>
		<buff name="SirenPassiveC" hidden="true">
			<stack_type value="replace"/>
			<duration value="1"/>
			<effect_group>
				<triggered_effect trigger="onSelfBuffStart" action="PlaySound" sound="sirenstrong" play_in_head="true"/>
				<triggered_effect trigger="onSelfBuffFinish" action="StopSound" sound="sirenstrong" />
				<triggered_effect trigger="onSelfBuffStart" action="RemoveBuff" buff="SirenPassiveB"/>
				<triggered_effect trigger="onSelfBuffStart" action="RemoveBuff" buff="SirenPassiveA"/>
			</effect_group>
		</buff>
		<buff name="SirenDeco" hidden="true">
			<effect_group>
				<triggered_effect trigger="onSelfBuffStart" action="AttachPrefabToEntity" prefab="Entities/Electrical/loudspeaker" local_offset="-.06,.27,0" local_rotation="0,-90,180" parent_transform="Spine1"/>
				<triggered_effect trigger="onSelfBuffStart" action="AttachPrefabToEntity" prefab="Entities/Electrical/loudspeakerPrefab" local_offset="-.2,-.27,0" local_rotation="90,0,90" parent_transform="Spine1"/>
				<triggered_effect trigger="onSelfBuffStart" action="AttachPrefabToEntity" prefab="#Other/Items?Weapons/Melee/Club/Club_Wood_Branch.FBX" local_offset="-.3,0,0" local_rotation="-45,0,-90" parent_transform="Spine1"/>
				<triggered_effect trigger="onSelfBuffStart" action="AttachPrefabToEntity" prefab="#Other/Items?Weapons/Melee/Club/Club_Wood_BranchPrefab.prefab" local_offset="-.55,0,0" local_rotation="0,0,-90" parent_transform="Spine1"/>
			</effect_group>
		</buff>
		<buff name="buffNarcoticsMantis" icon="ui_game_symbol_stunned" icon_color="255,255,255">
			<stack_type value="replace"/>
			<duration value="8"/>
			<effect_group>
				<triggered_effect trigger="onSelfBuffStart" action="PlaySound" sound="horde_spawn_warning" play_in_head="true"/>
				<triggered_effect trigger="onSelfBuffStart" action="FadeOutSound" sound="horde_spawn_warning" play_in_head="true"/>
				<triggered_effect trigger="onSelfBuffRemove" action="StopSound" sound="horde_spawn_warning" play_in_head="true"/>
			</effect_group>
			<effect_group>
				<triggered_effect trigger="onSelfBuffStart" action="ModifyScreenEffect" intensity="1" effect_name="Distortion"/>
				<triggered_effect trigger="onSelfBuffStart" action="ModifyScreenEffect" intensity="1" fade="4" effect_name="VibrantDeSat"/>
				<triggered_effect trigger="onSelfBuffRemove" action="ModifyScreenEffect" intensity="0" fade="4"  effect_name="VibrantDeSat"/>
				<triggered_effect trigger="onSelfBuffRemove" action="ModifyScreenEffect" intensity="0" fade="4"  effect_name="Distortion"/>
			</effect_group>
		</buff>
		<buff name="ArchonDeco" hidden="true">
			<effect_group>
				<triggered_effect trigger="onSelfBuffStart" action="AttachPrefabToEntity" prefab="Entities/Animals/vulture/vulture" local_offset="0,-.3,.25" local_rotation="-45,0,0" parent_transform="Spine3"/>
				<triggered_effect trigger="onSelfBuffStart" action="SetTransformActive" active="false"  parent_transform="Spine" transform_path="body_mesh"/>
				<triggered_effect trigger="onSelfBuffStart" action="AttachParticleEffectToEntity" particle="p_torch_wall" local_offset=".2,0,0" local_rotation="0,0,0" parent_transform="RightHand"/>
				<triggered_effect trigger="onSelfBuffStart" action="AttachParticleEffectToEntity" particle="p_torch_wall" local_offset="-.2,0,0" local_rotation="0,0,0" parent_transform="LeftHand"/>
			</effect_group>
		</buff>
		<buff name="JuggernautDeco" hidden="true">
			<effect_group>
				<triggered_effect trigger="onSelfBuffStart" action="AttachPrefabToEntity" prefab="#Other/Items?Weapons/Ranged/RocketLauncher/rocketlauncherPrefab.prefab" local_offset="-.2,.13,0" local_rotation="180,0,0" parent_transform="LeftShoulder"/>
				<triggered_effect trigger="onSelfBuffStart" action="AttachParticleEffectToEntity" particle="#Other/Items?Tools/augerPrefab.prefab" local_offset="-.1,0,0" local_rotation="0,-90,0" parent_transform="RightHand"/>
				<triggered_effect trigger="onSelfRangedBurstShot" action="AddBuff" target="self" buff="JuggernautMuzzle"/>
				<triggered_effect trigger="onSelfBuffUpdate" action="AddBuff" target="self" buff="buffInjuryKnockdown01Cooldown"/>
				<triggered_effect trigger="onSelfBuffUpdate" action="PlaySound" sound="Auger_Idle" />
			</effect_group>
		</buff>
		<buff name="JuggernautMuzzle" hidden="true">
			<duration value="1"/>
			<effect_group>
				<triggered_effect trigger="onSelfBuffStart" action="AttachParticleEffectToEntity" target="self" particle="p_rocketLauncherFire" local_offset="-.2,.13,0" local_rotation="180,0,0" parent_transform="LeftShoulder"/>
				<triggered_effect trigger="onSelfBuffStart" action="AttachParticleEffectToEntity" target="self"  particle="p_nozzlesmoke_m136" local_offset="-.2,.13,0" local_rotation="180,0,0" parent_transform="LeftShoulder"/>
				<triggered_effect trigger="onSelfBuffFinish" action="RemoveParticleEffectFromEntity" target="self"  particle="p_nozzlesmoke_m136" />
				<triggered_effect trigger="onSelfBuffFinish" action="RemoveParticleEffectFromEntity" target="self"  particle="p_rocketLauncherFire" />
			</effect_group>
		</buff>
		<buff name="UndertakerDeco" hidden="true">
			<effect_group>
				<triggered_effect trigger="onSelfBuffStart" action="AttachPrefabToEntity" prefab="Entities/Misc/body_bag_fliesPrefab" local_offset=".2,-.35,.15" local_rotation="45,90,90" parent_transform="Spine"/>
				<triggered_effect trigger="onSelfBuffStart" action="AttachPrefabToEntity" prefab="#Other/Items?Tools/shovel_ironPrefab.prefab" local_offset="-.11,.2,-.02" local_rotation="0,0,0" parent_transform="RightHand"/>
				<triggered_effect trigger="onSelfBuffStart" action="AttachPrefabToEntity" prefab="Entities/Lighting/lanternPlayerPrefab" local_offset="-.1,0,-.05" local_rotation="90,90,0" parent_transform="LeftHand"/>
			</effect_group>
		</buff>
		<buff name="BomberDeco" hidden="true">
			<effect_group>
				<triggered_effect trigger="onSelfBuffStart" action="AttachPrefabToEntity" prefab="Entities/Industrial/barrelRadiatedPrefab" local_offset="0,.1,-.2" local_rotation="0,0,0" parent_transform="Spine"/>
				<triggered_effect trigger="onSelfRangedBurstShot"  target="self" action="ModifyStats" stat="Health" operation="subtract" value="99999999"/>
				<triggered_effect trigger="onSelfDamagedBlock"  target="self" action="ModifyStats" stat="Health" operation="set" value="60"/>
			</effect_group>
		</buff>
		<buff name="cowheadDeco" hidden="true">
			<effect_group>
				<triggered_effect trigger="onSelfBuffStart" action="AttachPrefabToEntity" prefab="Entities/OutdoorDecor/cowSkullPrefab" local_offset="-.4,0,.3" local_rotation="0,30,90" parent_transform="Head"/>
				<triggered_effect trigger="onSelfBuffStart" action="AttachParticleEffectToEntity" particle="#Other/Items?Weapons/Melee/Chainsaw/chainsaw.fbx" local_offset="-.1,0,0" local_rotation="180,90,180" parent_transform="RightHand"/>
				<triggered_effect trigger="onSelfBuffStart" action="PlaySound" sound="chainsaw_idle" />
			</effect_group>
		</buff>
		<buff name="sharkDeco" hidden="true">
			<effect_group>
				<triggered_effect trigger="onSelfBuffStart" action="SetTransformActive" active="false" transform_path="Collider"/>
				<triggered_effect trigger="onSelfBuffStart" action="AttachPrefabToEntity" prefab="Entities/animals/shark/animalsharkstandard" local_offset="0,0,0" local_rotation="0,0,0" parent_transform="Spine"/>
			</effect_group>
		</buff>
		<buff name="ParasiteDeco" hidden="true">
			<effect_group>
				<triggered_effect trigger="onSelfBuffStart" action="AttachPrefabToEntity" prefab="#Other/Items?Misc/meat_venisonPrefab.prefab" local_offset="-.1,0,-.2" local_rotation="0,0,0" parent_transform="Spine"/>
				<triggered_effect trigger="onSelfBuffStart" action="AttachParticleEffectToEntity" particle="#Other/Items?Weapons/Melee/Knives/boneShivPrefab.prefab" local_offset="-.1,0,0" local_rotation="0,0,45" parent_transform="RightHand"/>
				<triggered_effect trigger="onSelfBuffStart" action="AttachParticleEffectToEntity" particle="#Other/Items?Weapons/Melee/Knives/boneShivPrefab.prefab" local_offset="-.1,0,0" local_rotation="0,0,45" parent_transform="LeftHand"/>
				<triggered_effect trigger="onSelfBuffStart" action="AttachPrefabToEntity" prefab="#Other/Items?Weapons/Melee/Knives/boneShivPrefab.prefab" local_offset="-.1,0,0" local_rotation="0,0,90" parent_transform="RightHand"/>
				<triggered_effect trigger="onSelfBuffStart" action="AttachPrefabToEntity" prefab="#Other/Items?Weapons/Melee/Knives/boneShivPrefab.prefab" local_offset="-.1,0,0" local_rotation="0,0,90" parent_transform="LeftHand"/>
				<triggered_effect trigger="onSelfBuffStart" action="AttachParticleEffectToEntity" particle="#Other/Items?Weapons/Melee/Knives/boneShivPrefab.prefab" local_offset="-.1,0,0" local_rotation="0,0,45" parent_transform="RightForeArm"/>
				<triggered_effect trigger="onSelfBuffStart" action="AttachParticleEffectToEntity" particle="#Other/Items?Weapons/Melee/Knives/boneShivPrefab.prefab" local_offset="-.1,0,0" local_rotation="0,0,40" parent_transform="LeftForeArm"/>
				<triggered_effect trigger="onSelfBuffStart" action="AttachParticleEffectToEntity" particle="#Other/Items?Weapons/Melee/Knives/boneShivPrefab.prefab" local_offset="-.1,0,0" local_rotation="0,0,20" parent_transform="RightShoulder"/>
				<triggered_effect trigger="onSelfBuffStart" action="AttachParticleEffectToEntity" particle="#Other/Items?Weapons/Melee/Knives/boneShivPrefab.prefab" local_offset="-.1,0,0" local_rotation="0,0,100" parent_transform="LeftShoulder"/>
			</effect_group>
		</buff>
		<buff name="ParasiteAttack" icon="ui_game_symbol_skull" icon_color="255,0,0" icon_blink="true">
			<stack_type value="replace"/>
			<display_value value="$parasite"/>
			<effect_group>
				<passive_effect name="HealthMaxModifierOT" operation="base_subtract" value="1"/>
				<triggered_effect trigger="onSelfBuffStart" action="ModifyCVar" cvar="$parasite" operation="set" value="10"/>
				<triggered_effect trigger="onSelfBuffUpdate" action="ModifyCVar" cvar="$parasite" operation="add" value="-1"/>
				<triggered_effect trigger="onSelfBuffStack" action="ModifyCVar" cvar="$parasite" operation="add" value="10"/>
				<triggered_effect trigger="onSelfBuffRemove" action="ModifyCVar" cvar="$parasite" operation="set" value="0"/>
				<triggered_effect trigger="onSelfBuffUpdate" action="RemoveBuff" buff="ParasiteAttack">
					<requirement name="CVarCompare" cvar="$parasite" operation="LTE" value="0"/>
				</triggered_effect>
			</effect_group>
		</buff>
		<buff name="wendigoDeco" hidden="true">
			<effect_group>
				<triggered_effect trigger="onSelfBuffStart" action="AttachPrefabToEntity" prefab="Entities/OutdoorDecor/cowSkullPrefab" local_offset="-.3,0,-.1" local_rotation="0,-45,90" parent_transform="Head"/>
				<triggered_effect trigger="onSelfBuffStart" action="AttachPrefabToEntity" prefab="#Other/Items?Tools/torch02_droppedPrefab.prefab" local_offset="-.3,.25,0" local_rotation="0,0,-135" parent_transform="Head"/>
				<triggered_effect trigger="onSelfBuffStart" action="AttachPrefabToEntity" prefab="#Other/Items?Weapons/Melee/Club/Club_Wood_BranchPrefab.prefab" local_offset="-.3,-.25,0" local_rotation="0,0,-45" parent_transform="Head"/>
				<triggered_effect trigger="onSelfBuffStart" action="AttachPrefabToEntity" prefab="#Other/Items?Weapons/Spear/spear_stone_Prefab.prefab" local_offset="-.1,-.2,0" local_rotation="0,90,0" parent_transform="Head"/>
				<triggered_effect trigger="onSelfBuffStart" action="AttachPrefabToEntity" prefab="#Other/Items?Misc/crossbow_bolt_dropped_stonePrefab.prefab" local_offset="-.1,0,0" local_rotation="0,0,-90" parent_transform="RightHand"/>
				<triggered_effect trigger="onSelfBuffStart" action="AttachPrefabToEntity" prefab="#Other/Items?Misc/crossbow_bolt_dropped_stonePrefab.prefab" local_offset="-.1,0,0" local_rotation="0,0,-90" parent_transform="LeftHand"/>
			</effect_group>
		</buff>
		<buff name="psychoDeco" hidden="true">
			<effect_group>
				<triggered_effect trigger="onSelfBuffStart" action="AttachPrefabToEntity" prefab="Entities/Industrial/hoistHookPrefab" local_offset="-.2,0,0" local_rotation="0,180,90" parent_transform="RightHand"/>
				<triggered_effect trigger="onSelfBuffStart" action="AttachPrefabToEntity" prefab="#Other/Items?Items/Misc/sack.fbx" local_offset="-.5,-.075,0" local_rotation="0,0,-90" parent_transform="LeftHand"/>
				<triggered_effect trigger="onSelfBuffStart" action="SetTransformActive" active="false"  parent_transform="LeftHand" transform_path="sackMesh"/>
				<triggered_effect trigger="onSelfBuffStart" action="SetTransformActive" active="false"  parent_transform="LeftHand" transform_path="sack_LOD1"/>
				<triggered_effect trigger="onSelfBuffStart" action="SetTransformActive" active="false"  parent_transform="LeftHand" transform_path="sack_LOD2"/>
				<triggered_effect trigger="onSelfBuffStart" action="AttachPrefabToEntity" prefab="#Other/Items?Weapons/Melee/Knives/machetePrefab.prefab" local_offset="-.04,0,0" local_rotation="-10,90,0" parent_transform="main1"/>
				<triggered_effect trigger="onSelfBuffStart" action="AttachPrefabToEntity" prefab="#Other/Items?Tools/wrenchPrefab.prefab" local_offset="0,0.04,0" local_rotation="0,-90,0" parent_transform="main2"/>
				<triggered_effect trigger="onSelfBuffStart" action="AttachPrefabToEntity" prefab="#Other/Items?Weapons/Melee/Knives/machetePrefab.prefab" local_offset="-.04,.4,0" local_rotation="10,90,180" parent_transform="main3"/>
			</effect_group>
		</buff>
		<buff name="scarecrowDeco" hidden="true">
			<effect_group>
				<triggered_effect trigger="onSelfBuffStart" action="AttachPrefabToEntity" prefab="Entities/Plants/pumpkinJackoLanternPrefab" local_offset="-.5,0,0" local_rotation="0,0,90" parent_transform="Head"/>
				<triggered_effect trigger="onSelfBuffStart" action="AttachParticleEffectToEntity" particle="p_torch_wall" local_offset="0,0,0" local_rotation="0,0,0" parent_transform="RightHand"/>
				<triggered_effect trigger="onSelfBuffStart" action="AttachParticleEffectToEntity" particle="p_torch_wall" local_offset="0,0,0" local_rotation="0,0,0" parent_transform="LeftHand"/>
				<triggered_effect trigger="onSelfBuffStart" action="AttachPrefabToEntity" prefab="#Other/Items?Tools/pickaxe_ironPrefab.prefab" local_offset="-.2,.1,0" local_rotation="0,-90,0" parent_transform="RightHand"/>
				<triggered_effect trigger="onSelfDied" action="RemoveParticleEffectFromEntity" particle="p_torch_wall" />
				<triggered_effect trigger="onSelfDied" action="RemoveParticleEffectFromEntity" particle="p_torch_wall" />
			</effect_group>
		</buff>
		<buff name="buffBansheeScream" hidden="true">
			<update_rate value="60"/>
			<effect_group>
				<triggered_effect trigger="onSelfBuffUpdate" action="PlaySound" sound="bansheebuff0"/>
				<triggered_effect trigger="onSelfBuffUpdate" action="AddBuff" target="positionAOE" range="12" buff="buffBanshee"/>
			</effect_group>
		</buff>
		<buff name="ArchonScream" hidden="true">
			<update_rate value="20"/>
			<effect_group>
				<triggered_effect trigger="onSelfBuffUpdate" action="PlaySound" sound="horde_spawn"/>
				<triggered_effect trigger="onSelfBuffUpdate" action="AddBuff" target="positionAOE" range="11" buff="buffArchon">
					<requirement name="EntityTagCompare" tags="zombie"/>
				</triggered_effect>
			</effect_group>
		</buff>
		<buff name="buffArchon" hidden="true">
			<stack_type value="replace"/>
			<duration value="10"/>
			<effect_group>
				<passive_effect name="PhysicalDamageResist" operation="base_set" value="50">
					<requirement name="EntityTagCompare" target="self" tags="zombie"/>
				</passive_effect>
			</effect_group>
		</buff>
		<buff name="buffBanshee" hidden="true">
			<stack_type value="replace"/>
			<duration value="3"/>
			<effect_group>
				<passive_effect name="RunSpeed" operation="perc_subtract" value="0.8,.2" duration="0,4">
					<requirement name="EntityTagCompare" tags="player"/>
				</passive_effect>
				<passive_effect name="WalkSpeed" operation="perc_subtract" value="0.8,.2" duration="0,4">
					<requirement name="EntityTagCompare" tags="player"/>
				</passive_effect>
				<passive_effect name="CrouchSpeed" operation="perc_subtract" value="0.8,.2" duration="0,4">
					<requirement name="EntityTagCompare" tags="player"/>
				</passive_effect>
				<passive_effect name="JumpStrength" operation="perc_subtract" value="0.8,.2" duration="0,4">
					<requirement name="EntityTagCompare" tags="player"/>
				</passive_effect>
				<triggered_effect trigger="onSelfBuffStart" action="ModifyScreenEffect" intensity="2" fade="1" effect_name="Blur"/>
				<triggered_effect trigger="onSelfBuffStart" action="ModifyScreenEffect" intensity=".5" fade="1" effect_name="Radiation" />
				<triggered_effect trigger="onSelfBuffStart" action="ModifyScreenEffect" intensity="1" effect_name="Drunk" fade="1"/>
				<triggered_effect trigger="onSelfBuffRemove" action="ModifyScreenEffect" intensity="0" fade="1" effect_name="Blur"/>
				<triggered_effect trigger="onSelfBuffRemove" action="ModifyScreenEffect" intensity="0" fade="1" effect_name="Radiation" />
				<triggered_effect trigger="onSelfBuffRemove" action="ModifyScreenEffect" intensity="0" effect_name="Drunk" fade="1"/>
				<triggered_effect trigger="onSelfDied" action="ModifyScreenEffect" intensity="0" fade="1" effect_name="Blur"/>
				<triggered_effect trigger="onSelfDied" action="ModifyScreenEffect" intensity="0" fade="1" effect_name="Radiation" />
				<triggered_effect trigger="onSelfDied" action="ModifyScreenEffect" intensity="0" effect_name="Drunk" fade="1"/>
				<triggered_effect trigger="onSelfBuffStart" action="PlaySound" sound="bansheebuff0" play_in_head="true">
					<requirement name="EntityTagCompare" tags="player"/>
				</triggered_effect>
				<triggered_effect trigger="onSelfBuffStart" action="PlaySound" sound="bansheebuff1" play_in_head="true">
					<requirement name="EntityTagCompare" tags="player"/>
				</triggered_effect>
			</effect_group>
		</buff>
	</append>
</configs>