<configs>
         <append xpath="/blocks" >


<block name="Admin: BatteryBank">
<property name="CustomIcon" value="batterybank" />
	<property name="CustomIconTint" value="FFFF00"/>
	<property name="SellableToTrader" value="false"/>

	<property name="CreativeMode" value="Player"/>
	<property name="Class" value="BatteryBank"/>
	<property name="Material" value="Mmetal_weak"/>
	<property name="StabilitySupport" value="false"/>
	<property name="Shape" value="ModelEntity"/>
	<property name="Mesh" value="models"/>
	<property name="Path" value="solid"/>
	<property name="Model" value="Entities/Electrical/battery_bankPrefab"/> <property name="HandleFace" value="Bottom"/>
	<property name="ImposterDontBlock" value="true"/>
	<property name="Collide" value="movement,melee,bullet,arrow,rocket"/>
	<property name="DescriptionKey" value="powerSourceDesc"/>
	<property name="MaxPower" value="10000"/>
	<property name="InputPerTick" value="1"/>
	<property name="ChargePerInput" value="1"/>
	<property name="OutputPerStack" value="10000"/>
	<property name="OutputPerCharge" value="10000"/>
	<property name="SlotItem" value="Admin: Battery"/>
	<property name="Group" value="Science"/>
	<property name="Stacknumber" value="10000"/>
	<property name="TakeDelay" value="15"/>
	<property name="EconomicValue" value="1000"/>
	<property name="FilterTags" value="fdecor,felectrical"/>
</block>

<block name="Admin: InvisibleBlock">
	<property name="Extends" value="woodWeakNoUpgradeMaster"/>
	<property name="SellableToTrader" value="false"/>

	<property name="CustomIcon" value="glassShowerBlock" />
	<property name="CustomIconTint" value="72,11,21" />
	<property name="Material" value="admininvisibleblock" />
	<property name="Texture" value="250"/>
	<property name="Shape" value="Invisible"/>
	<property name="Mesh" value="transparent" />
	<property name="MaxDamage" value="200000000" />
	<property name="Collide" value="movement,melee,rocket,bullet,arrow,rocket,sight"/> 
<property class="UpgradeBlock">
<property name="ToBlock" value="woodFrameBlock" />
<property name="Item" value="Admin: Tool" />
<property name="ItemCount" value="0" />
<property name="UpgradeHitCount" value="1" />
</property>

</block> 

<block name="Admin: CubeTorch">
	<property name="Class" value="Particle" />
	<property name="CustomIcon" value="glassShowerBlock" />
<property name="CustomIconTint" value="72,11,21" />
	<property name="SellableToTrader" value="false"/>

	<property name="Material" value="Mstone" />
	<property name="ParticleName" value="torch_wall" />
	<property name="ParticleOffset" value="0.53,0.35,0.45" />
	<property name="Shape" value="CubeCutout" />
	<property name="Mesh" value="transparent" />
	<property name="Texture" value="285" />
	<property name="MaxDamage" value="200000000" />
<property class="UpgradeBlock">
<property name="ToBlock" value="woodFrameBlock" />
<property name="Item" value="Admin: Tool" />
<property name="ItemCount" value="0" />
<property name="UpgradeHitCount" value="1" />
</property>
</block> 

<block name="Admin: CubeCandle">
	<property name="Class" value="Particle" />
	<property name="CustomIcon" value="glassShowerBlock" />
<property name="CustomIconTint" value="72,11,21" />
	<property name="SellableToTrader" value="false"/>

	<property name="Material" value="Mstone" />
	<property name="MaxDamage" value="200000000" />
	<property name="ParticleName" value="candleWall_flame" />
	<property name="ParticleOffset" value="0.53,0.50,0.45" />
	<property name="Shape" value="CubeCutout" />
	<property name="Mesh" value="transparent" />
	<property name="Texture" value="285" />
<property class="UpgradeBlock">
<property name="ToBlock" value="woodFrameBlock" />
<property name="Item" value="Admin: Tool" />
<property name="ItemCount" value="0" />
<property name="UpgradeHitCount" value="1" />
</property>
</block> 

<block name="Admin: CubeGlass">
	<property name="CustomIcon" value="glassShowerBlock" />
<property name="CustomIconTint" value="72,11,21" />
	<property name="SellableToTrader" value="false"/>

	<property name="Material" value="Mstone" />
	<property name="Shape" value="CubeCutout" />
	<property name="Mesh" value="transparent" />
	<property name="MaxDamage" value="200000000" />
	<property name="Texture" value="285" />
	<property class="RepairItems"> <property name="resourceWood" value="1"/> </property>
<property class="UpgradeBlock">
<property name="ToBlock" value="woodFrameBlock" />
<property name="Item" value="Admin: Tool" />
<property name="ItemCount" value="0" />
<property name="UpgradeHitCount" value="1" />
</property>
</block> 

<block name="Admin: PyramidSteelTorch">
	<property name="SellableToTrader" value="false"/>

<property name="Extends" value="steelMaster"/>
<property name="Class" value="Particle" />
<property name="Material" value="Mstone" />
	<property name="Shape" value="New"/>
	<property name="Model" value="pyramid"/>
<property name="MaxDamage" value="200000000" />
<property name="Texture" value="355" />
<property name="IsTerrainDecoration" value="true" />
	<property name="ParticleName" value="torch_wall" />
	<property name="ParticleOffset" value="0.53,0.55,0.45" />
<property name="CanPickup" value="false" />
    <property name="CustomIcon" value="stainlessSteelPyramid" />
<property name="CustomIconTint" value="72,11,21" />
<property class="UpgradeBlock">
<property name="ToBlock" value="woodFrameBlock" />
<property name="Item" value="Admin: Tool" />
<property name="ItemCount" value="0" />
<property name="UpgradeHitCount" value="1" />
</property>
</block>


<block name="Admin: Rally Marker">
	<property name="CustomIcon" value="questRallyMarker" />
	<property name="SellableToTrader" value="false"/>

	<property name="Material" value="Mwood"/>
	<property name="StabilitySupport" value="false"/>
	<property name="Shape" value="ModelEntity"/>
	<property name="MaxDamage" value="200000000" />
	<property name="DisplayType" value="blockMulti" />
	<property name="MultiBlockDim" value="1,2,1"/>
	<property name="Model" value="Entities/Quests/rally_pointPrefab"/>
	<property name="Collide" value="sight"/>
<property class="UpgradeBlock">
<property name="ToBlock" value="woodFrameBlock" />
<property name="Item" value="Admin: Tool" />
<property name="ItemCount" value="0" />
<property name="UpgradeHitCount" value="1" />
</property>

</block>

<!-- ADMIN DESIGNS END -->
<!-- PLAYER DESIGNS -->
<block name="Decor: Planter Torch">
	<property name="Extends" value="birdBathPlanter"/>
	<property name="SellableToTrader" value="false"/>

	<property name="CustomIconTint" value="FF0000" />
	<property name="CustomIcon" value="birdBathPlanter" />
	<property name="Class" value="Particle" />
	<property name="Material" value="MstoneNoGlue"/>
	<property name="MaxDamage" value="300"/>
	<property name="StabilitySupport" value="false"/>
	<property name="Shape" value="Ext3dModel"/> <property name="Texture" value="328"/>
	<property name="Mesh" value="models"/>
	<property name="Path" value="solid"/>
	<property name="Model" value="OutdoorDecor/bird_bath_planter" param1="main_mesh"/>
	<property name="ImposterExchange" value="imposterDontBlockCTRQuarter" param1="170"/>
	<property name="ParticleName" value="campfire"/>
	<property name="ParticleOffset" value="0.5,1.2,0.5"/>
	<property class="RepairItems"> <property name="resourceCobblestones" value="5"/> </property>
	<drop event="Destroy" count="0"/>
	<property name="Group" value="Basics,Decor/Miscellaneous"/>

</block>
<block name="Decor: Land Claim Stop Sign">
<property name="Extends" value="keystoneBlock"/>
	<property name="Shape" value="ModelEntity"/>
	<property name="Mesh" value="models"/>
	<property name="MultiBlockDim" value="1,2,1"/>
	<property name="IsTerrainDecoration" value="true"/>
	<property name="OnlySimpleRotations" value="true"/>
	<property name="Collide" value="movement,melee,bullet,arrow,rocket"/>
	<property name="CustomIcon" value="signRoadStop" />
	<property name="CreativeMode" value="Player"/>
	<property name="Material" value="Msteel"/>
	<property name="Weight" value="200"/>
	<property name="Model" value="Entities/StreetSigns/sign_stopPrefab" />
	<property name="MultiBlockDim" value="1,2,1"/>
	<property name="SellableToTrader" value="false"/>

	<property name="Place" value="TowardsPlacerInverted"/>
	<property class="RepairItems"> <property name="forgedIron" value="50"/> </property>
	<property name="IndexName" value="lpblock"/>
	<drop event="Destroy" name="keystoneBlock" count="1"/>
	<drop event="Fall" name="destroyedStone" count="1" prob="0.75" stick_chance="1"/>
	<property name="Stacknumber" value="1"/>
	<property name="TakeDelay" value="30"/>
	<property name="Group" value="Building"/>
	<property name="EconomicValue" value="160"/>
	<property name="ActivationDistance" value="14"/>
</block>

<block name="Decor: Land Claim Flag"> <!-- landclaim -->
	<property name="SellableToTrader" value="false"/>

	<property name="Extends" value="keystoneBlock"/>
	<property name="CustomIcon" value="flagPoleWhiteRiver" />
	<property name="Class" value="LandClaim" />
	<property name="CreativeMode" value="Player"/>
	<property name="Material" value="Msteel"/>
	<property name="DisplayType" value="blockHardened" />
	<property name="Shape" value="ModelEntity"/>
	<property name="Path" value="solid"/>
	<property name="Model" value="Entities/Decor/flag_polePrefab"/>
	<property name="Weight" value="0"/>
	<property name="MultiBlockDim" value="1,20,1"/>
	<property name="Place" value="TowardsPlacerInverted"/>
	<property name="SortOrder2" value="0050"/> <!-- SortShape -->
	<property class="RepairItems"> <property name="resourceRockSmall" value="10"/> </property>
	<property name="IndexName" value="lpblock"/>
	<drop event="Destroy" count="0"/>
	<property name="Stacknumber" value="1"/>
	<property name="TakeDelay" value="30"/>
	<property name="Group" value="Basics,Building"/>
	<property name="EconomicValue" value="1"/>
	<property name="SellableToTrader" value="false"/>
	<property name="ActivationDistance" value="25"/>
	<property name="FilterTags" value="fbuilding"/>
	<property name="DisplayInfo" value="Custom"/>
</block>
<block name="Decor: Cube Glass Candle">
	<property name="Class" value="Particle" />
	<property name="CustomIconTint" value="FF0000" />
	<property name="SellableToTrader" value="false"/>

	<property name="CustomIcon" value="glassShowerBlock" />
	<property name="Material" value="Mstone" />
	<property name="MaxDamage" value="3000" />
	<property name="ParticleName" value="candleWall_flame" />
	<property name="ParticleOffset" value="0.53,0.90,0.45" />
	<property name="Shape" value="CubeCutout" />
	<property name="Mesh" value="transparent" />
	<property name="Texture" value="285" />
	<property name="Group" value="Basics,Decor/Miscellaneous"/>

	<drop event="Destroy" name="brokenGlass" count="1,4" />
</block> 
 
<block name="Decor: Cube Glass Torch">
	<property name="Class" value="Particle" />
	<property name="CustomIconTint" value="FF0000" />
	<property name="SellableToTrader" value="false"/>

	<property name="CustomIcon" value="glassShowerBlock" />
	<property name="MaxDamage" value="3000" />
	<property name="Material" value="Mstone" />
	<property name="ParticleName" value="torch_wall" />
	<property name="ParticleOffset" value="0.53,0.35,0.45" />
	<property name="Shape" value="CubeCutout" />
	<property name="Mesh" value="transparent" />
	<property name="Texture" value="285" />
	<property name="Group" value="Basics,Decor/Miscellaneous"/>
	<drop event="Destroy" name="brokenGlass" count="1,4" />
</block>
<block name="Decor: Cube Glass Campfire">
	<property name="Class" value="Particle" />
	<property name="CustomIconTint" value="FF0000" />
	<property name="SellableToTrader" value="false"/>

	<property name="CustomIcon" value="glassShowerBlock" />
	<property name="Material" value="Mstone" />
	<property name="ParticleName" value="campfire" />
	<property name="ParticleOffset" value="0.53,0.50,0.45" />
	<property name="Shape" value="CubeCutout" />
	<property name="Mesh" value="transparent" />
	<property name="Texture" value="285" />
	<property name="DescriptionKey" value="glassGroupDesc"/>
	<drop event="Destroy" name="brokenGlass" count="1,4" />
<property class="UpgradeBlock">
<property name="ToBlock" value="woodFrameBlock" />
<property name="Item" value="Admin Tool" />
<property name="ItemCount" value="0" />
<property name="UpgradeHitCount" value="1" />
</property>
</block> 

<block name="Decor: Fire Place Fire">
	<property name="SellableToTrader" value="false"/>

	<property name="Class" value="Particle" />
	<property name="CustomIcon" value="campfire" />
	<property name="CustomIconTint" value="FF0000" />
	<property name="Material" value="Mstone" />
	<property name="ParticleName" value="forge" />
	<property name="ParticleOffset" value="0.42,0.02,0.26" />
	<property name="Shape" value="Ext3dModel"/> <property name="Texture" value="293"/>
	<property name="Mesh" value="models"/>
	<property name="Model" value="OutdoorDecor/ember_pile_2" param1="main_mesh"/>
	<property name="Collide" value="movement,melee,rocket,bullet,arrow,rocket,sight"/> 
	<property name="BuffsWhenWalkedOn" value="buffBurningEnvironment"/>
	<drop event="Destroy" name="resourceWood" count="1,4" />
</block> 

<block name="Decor: Pyramid Steel Torch">
<property name="Extends" value="steelMaster"/>
	<property name="SellableToTrader" value="false"/>

<property name="Class" value="Particle" />

	<property name="CustomIconTint" value="FF0000" />
    <property name="CustomIcon" value="stainlessSteelPyramid" />
<property name="Material" value="Mstone" />
	<property name="Shape" value="New"/>
	<property name="Model" value="pyramid"/>
<property name="MaxDamage" value="3000" />
<property name="Texture" value="355" />
<property name="IsTerrainDecoration" value="true" />
	<property name="ParticleName" value="torch_wall" />
	<property name="ParticleOffset" value="0.53,0.55,0.45" />
<property name="CanPickup" value="false" />
<property class="RepairItems"> <property name="brokenGlass" value="5" /> </property>
	<property name="FilterTags" value="fbuilding,fsteel"/>

</block>
<block name="Decor: Table Lamp Candle Light">
	<property name="CustomIcon" value="endTableLamp" />
	<property name="CustomIconTint" value="FF0000" />
	<property name="SellableToTrader" value="false"/>

	<property name="CanPickup" value="false" />	
	<property name="Material" value="Mwood" />
	<property name="Class" value="Particle" />
	<property name="Path" value="solid"/>
	<property name="Shape" value="ModelEntity"/>
	<property name="MaxDamage" value="1000" />
	<property name="Mesh" value="models" />
	<property name="ParticleName" value="candleWall_flame" />
	<property name="ParticleOffset" value="0.50,1.74,0.46" />
	<property name="Model" value="Entities/Lighting/end_table_lightPrefab"/>
	<property name="Collide" value="movement,melee,bullet,arrow,rocket"/>
	<property name="FuelValue" value="32" />
</block>
<block name="Decor: Pillar50 Glass Candle Light">
	<property name="CustomIcon" value="paperPillar50" />
	<property name="CustomIconTint" value="FF0000" />
	<property name="SellableToTrader" value="false"/>

	<property name="CanPickup" value="false" />	
	<property name="Material" value="Mwood" />
	<property name="Class" value="Particle" />
	<property name="Shape" value="New"/>
	<property name="Model" value="Pole0.5m"/>
	<property name="LightOpacity" value="2"/>
	<property name="Mesh" value="transparent"/>
	<property name="Texture" value="285"/>
 	<property name="ImposterDontBlock" value="true"/>
	<property name="ImposterExchange" value="imposterDontBlockCTRQuarter" param1="67"/>
	<property name="MaxDamage" value="1000" />
	<property name="ParticleName" value="candleWall_flame" />
	<property name="ParticleOffset" value="0.50,1.00,0.46" />
	<property name="Collide" value="movement,melee,bullet,arrow,rocket"/>
	<property name="FuelValue" value="32" />
</block>

<block name="Decor: Bathtub Gore">
	<property name="CustomIcon" value="cntBathTubGore" />
	<property name="SellableToTrader" value="false"/>

	<property name="Material" value="MstoneNoGlue"/>
	<property name="MaxDamage" value="200"/>
	<property name="StabilitySupport" value="false"/>
	<property name="Shape" value="Ext3dModel"/> <property name="Texture" value="293"/>
	<property name="Mesh" value="models"/>
	<property name="Path" value="solid"/>
	<property name="Model" value="Plumbing/bath_tub_ver2" param1="main_mesh"/>
	<property name="DisplayType" value="blockMulti" />
	<property name="MultiBlockDim" value="1,1,2"/>
	<property name="ImposterExchange" value="imposterHalf" param1="148"/>
	<property class="RepairItems"> <property name="resourceCobblestones" value="10"/> </property>
	<drop event="Harvest" name="resourceRockSmall" count="12" tag="allHarvest"/>
	<drop event="Harvest" name="resourceScrapIron" count="4" tag="allHarvest"/>
	<drop event="Destroy" count="0"/>
	<drop event="Fall" name="terrDestroyedStone" count="1" prob="0.1" stick_chance="0.5"/>
	<property name="EconomicValue" value="56"/>
	<property name="FilterTags" value="fdecor,fother,ffurniture"/>
	<property name="DescriptionKey" value="decorationBlockGroupDesc"/>
</block>

<block name="Decor: Bathtub Empty">
	<property name="CustomIcon" value="cntBathTubEmpty" />
	<property name="SellableToTrader" value="false"/>

	<property name="Material" value="MstoneNoGlue"/>
	<property name="MaxDamage" value="200"/>
	<property name="StabilitySupport" value="false"/>
	<property name="Shape" value="Ext3dModel"/> <property name="Texture" value="293"/>
	<property name="Mesh" value="models"/>
	<property name="Path" value="solid"/>
	<property name="Model" value="Plumbing/bath_tub_ver1" param1="main_mesh"/>
	<property name="DisplayType" value="blockMulti" />
	<property name="MultiBlockDim" value="1,1,2"/>
	<property name="ImposterExchange" value="imposterHalf" param1="148"/>
	<property class="RepairItems"> <property name="resourceCobblestones" value="10"/> </property>
	<drop event="Harvest" name="resourceRockSmall" count="12" tag="allHarvest"/>
	<drop event="Harvest" name="resourceScrapIron" count="4" tag="allHarvest"/>
	<drop event="Destroy" count="0"/>
	<drop event="Fall" name="terrDestroyedStone" count="1" prob="0.1" stick_chance="0.5"/>
	<property name="EconomicValue" value="56"/>
	<property name="FilterTags" value="fdecor,fother,ffurniture"/>
	<property name="DescriptionKey" value="decorationBlockGroupDesc"/>
</block>

 
</append>
</configs>
