<configs>

     <!-- RECIPES-->
	 
	<append xpath="/recipes">
	
	<recipe name="Diamond Fireaxe" count="1" craft_area="TIPSY WorkBench" craft_time="600" tags="learnable,perkMiner69r">
		<ingredient name="resourceRawDiamond" count="5"/>
		<ingredient name="Diamond Tool Parts" count="5"/>
		<ingredient name="Perfect Steel" count="5"/>
		<ingredient name="resourceWood" count="10"/>
		<ingredient name="resourceLeather" count="3"/>
		<ingredient name="resourceDuctTape" count="3"/>
		<effect_group>
			<passive_effect name="CraftingIngredientCount" level="2,6" operation="perc_add" value=".5,2.5" tags="Diamond Tool Parts,Perfect Steel,resourceWood,resourceLeather,resourceDuctTape"/>
		</effect_group>
	</recipe>
				 
	<recipe name="Diamond Pickaxe" count="1" craft_area="TIPSY WorkBench" craft_time="600" tags="learnable,perkMiner69r">
		<ingredient name="resourceRawDiamond" count="10"/>
		<ingredient name="Diamond Tool Parts" count="20"/>
		<ingredient name="Perfect Steel" count="10"/>
		<ingredient name="resourceWood" count="20"/>
		<ingredient name="resourceDuctTape" count="5"/>
		<effect_group>
			<passive_effect name="CraftingIngredientCount" level="1,6" operation="perc_add" value="1.0,2.5" tags="Diamond Tool Parts,Perfect Steel,resourceWood,resourceLeather,resourceDuctTape,resourceRawDiamond"/>
		</effect_group>
	</recipe>
	
	<recipe name="Diamond Nailgun" count="1" craft_area="TIPSY WorkBench" craft_time="600" tags="learnable,workbenchCrafting">
		<ingredient name="resourceRawDiamond" count="20"/>	
		<ingredient name="Perfect Steel" count="30"/>
		<ingredient name="AdvanceMechaParts" count="40"/>
		<ingredient name="resourceScrapPolymers" count="40"/>
		<ingredient name="resourceSpring" count="20"/>
	</recipe>
		
	<recipe name="Diamond Auger" count="1" craft_area="TIPSY WorkBench" craft_time="600" tags="learnable,perkMiner69r">
		<ingredient name="resourceRawDiamond" count="35"/>	
		<ingredient name="Diamond Moter Parts" count="10"/>
		<ingredient name="vehicleBicycleHandlebars" count="1"/>
		<ingredient name="smallEngine" count="1"/>
		<ingredient name="Perfect Steel" count="50"/>
		<effect_group>
			<passive_effect name="CraftingIngredientCount" level="2,6" operation="perc_add" value=".5,2.5" tags="Diamond Moter Parts,Perfect Steel"/>
		</effect_group>
	</recipe>
	   
	<recipe name="Diamond Chainsaw" count="1" craft_area="TIPSY WorkBench" craft_time="600" tags="learnable,perkMiner69r">
		<ingredient name="resourceRawDiamond" count="10"/>
		<ingredient name="Diamond Moter Parts" count="5"/>
		<ingredient name="vehicleBicycleHandlebars" count="1"/>
		<ingredient name="smallEngine" count="1"/>
		<ingredient name="Perfect Steel" count="10"/>
		<effect_group>
			<passive_effect name="CraftingIngredientCount" level="2,6" operation="perc_add" value=".5,2.5" tags="Diamond Moter Parts,Perfect Steel"/>
		</effect_group>
	</recipe>
	
	<recipe name="Diamond Wrench" count="1" craft_area="TIPSY WorkBench" craft_time="600" tags="learnable,perkSalvageOperations">
		<ingredient name="resourceRawDiamond" count="10"/>
		<ingredient name="Perfect Iron" count="25"/>
		<ingredient name="AdvanceMechaParts" count="10"/>
		<ingredient name="resourceDuctTape" count="2"/>
		<effect_group>
			<passive_effect name="CraftingIngredientCount" level="2,6" operation="perc_add" value=".5,2.5" tags="Perfect Iron,AdvanceMechaParts,resourceDuctTape"/>
		</effect_group>
	</recipe>
	
	<recipe name="Diamond Shovel" count="1" craft_area="TIPSY WorkBench" craft_time="600" tags="learnable,perkMiner69r">
		<ingredient name="resourceRawDiamond" count="5"/>
		<ingredient name="Diamond Tool Parts" count="5"/>
		<ingredient name="Perfect Steel" count="5"/>
		<ingredient name="resourceWood" count="10"/>
		<ingredient name="resourceDuctTape" count="3"/>
		<effect_group>
			<passive_effect name="CraftingIngredientCount" level="2,6" operation="perc_add" value=".5,2.5" tags="Diamond Tool Parts,Perfect Steel,resourceWood,resourceLeather,resourceDuctTape"/>
		</effect_group>
	</recipe>
	
	
	
	
	
	
	
	</append>
</configs>