<configs>

     <!-- RECIPES-->
	 
	<append xpath="/recipes">
	
	<recipe name="Diamond Fireaxe" count="1" craft_area="TIPSY WorkBench" craft_time="600" tags="learnable,perkMiner69r">
		<ingredient name="resourceRawDiamond" count="5"/>
		<ingredient name="Diamond Tool Parts" count="1"/>
		<ingredient name="Perfect Steel" count="5"/>
		<ingredient name="resourceWood" count="10"/>
		<ingredient name="resourceLeather" count="3"/>
		<ingredient name="resourceDuctTape" count="3"/>
	</recipe>
				 
	<recipe name="Diamond Pickaxe" count="1" craft_area="TIPSY WorkBench" craft_time="600" tags="learnable,perkMiner69r">
		<ingredient name="resourceRawDiamond" count="5"/>
		<ingredient name="Diamond Tool Parts" count="1"/>
		<ingredient name="Perfect Steel" count="10"/>
		<ingredient name="resourceWood" count="20"/>
		<ingredient name="resourceDuctTape" count="5"/>
		
	</recipe>
	
	<recipe name="Diamond Nailgun" count="1" craft_area="TIPSY WorkBench" craft_time="600" tags="learnable,workbenchCrafting">
		<ingredient name="resourceRawDiamond" count="10"/>	
		<ingredient name="Perfect Steel" count="10"/>
		<ingredient name="AdvanceMechaParts" count="15"/>
		<ingredient name="resourceScrapPolymers" count="40"/>
		<ingredient name="resourceSpring" count="20"/>
	</recipe>
		
	<recipe name="Diamond Auger" count="1" craft_area="TIPSY WorkBench" craft_time="600" tags="learnable,perkMiner69r">
		<ingredient name="resourceRawDiamond" count="35"/>	
		<ingredient name="Diamond Moter Parts" count="5"/>
		<ingredient name="vehicleBicycleHandlebars" count="1"/>
		<ingredient name="smallEngine" count="1"/>
		<ingredient name="Perfect Steel" count="50"/>
			
	</recipe>
	   
	<recipe name="Diamond Chainsaw" count="1" craft_area="TIPSY WorkBench" craft_time="600" tags="learnable,perkMiner69r">
		<ingredient name="resourceRawDiamond" count="10"/>
		<ingredient name="Diamond Moter Parts" count="2"/>
		<ingredient name="vehicleBicycleHandlebars" count="1"/>
		<ingredient name="smallEngine" count="1"/>
		<ingredient name="Perfect Steel" count="5"/>
		
	</recipe>
	
	<recipe name="Diamond Wrench" count="1" craft_area="TIPSY WorkBench" craft_time="600" tags="learnable,perkSalvageOperations">
		<ingredient name="resourceRawDiamond" count="10"/>
		<ingredient name="Perfect Iron" count="10"/>
		<ingredient name="AdvanceMechaParts" count="10"/>
		<ingredient name="resourceDuctTape" count="2"/>
		
	</recipe>
	
	<recipe name="Diamond Shovel" count="1" craft_area="TIPSY WorkBench" craft_time="600" tags="learnable,perkMiner69r">
		<ingredient name="resourceRawDiamond" count="2"/>
		<ingredient name="Diamond Tool Parts" count="1"/>
		<ingredient name="Perfect Steel" count="1"/>
		<ingredient name="resourceWood" count="10"/>
		<ingredient name="resourceDuctTape" count="3"/>
		
	</recipe>
	
	
	
	
	
	
	
	</append>
</configs>