<configs>
      <!--  small Scopes -->
    <append xpath="//item_modifier[@name='modGunScopeSmall']">
	
	    <item_property_overrides name="Pistol VIP">
			<property name="ScopeOffset" value="0,0.0851,-0.0761"/>
			<property name="ScopeScale" value="1,1,1"/>
			<property name="ScopeCameraOffset" value="0,-0.0225,0"/>
		</item_property_overrides>

		<item_property_overrides name="AK47 VIP">
			<property name="ScopeOffset" value="0,0.088,-.2"/>
			<property name="ScopeScale" value="1,1,1"/>
			<property name="ScopeCameraOffset" value="0,-0.04,0"/>
		</item_property_overrides>

		<item_property_overrides name="44Magnum VIP">
			<property name="ScopeOffset" value="0,0.1037,0.0689"/>
			<property name="ScopeScale" value="1,1,1"/>
			<property name="ScopeCameraOffset" value="0,0,0"/>
		</item_property_overrides>

		<item_property_overrides name="SMG VIP">
			<property name="ScopeOffset" value="0,0.0999,-0.2534"/>
			<property name="ScopeScale" value="0.9,0.9,0.9"/>
			<property name="ScopeCameraOffset" value="0,0,0"/>
		</item_property_overrides>

		<item_property_overrides name="Hunting Rifle VIP">
			<property name="ScopeOffset" value="-0.0006,0.081,0.005"/>
			<property name="ScopeScale" value="1,1,1"/>
			<property name="ScopeCameraOffset" value="0,-0.01,0"/>
		</item_property_overrides>

		<item_property_overrides name="Marksman Rifle VIP">
			<property name="ScopeOffset" value="0,0.0736,-0.1497"/>
			<property name="ScopeScale" value="0.9,0.9,0.9"/>
			<property name="ScopeCameraOffset" value="0,0,0"/>
		</item_property_overrides>
	</append>
	<!--  Medium Scopes -->
	<append xpath="//item_modifier[@name='modGunScopeMedium']">
	 
	    <item_property_overrides name="AK47 VIP">
			<property name="ScopeOffset" value="0,0.088,-.14"/>
			<property name="ScopeScale" value="1,1,1"/>
			<property name="ScopeCameraOffset" value="0,-0.022,0"/>
		</item_property_overrides>

		<item_property_overrides name="SMG VIP">
			<property name="ScopeOffset" value="-0.0012,0.098,-0.2405"/>
			<property name="ScopeScale" value="0.8,0.8,0.8"/>
			<property name="ScopeCameraOffset" value="0,0,0"/>
		</item_property_overrides>

		<item_property_overrides name="Hunting Rifle VIP">
			<property name="ScopeOffset" value="-0.0018,0.075,0.015"/>
			<property name="ScopeScale" value="1,1,1"/>
			<property name="ScopeCameraOffset" value="0,-0.0238,0"/>
		</item_property_overrides>

		<item_property_overrides name="Marksman Rifle VIP">
			<property name="ScopeOffset" value="-0.0018,0.07,-.10"/>
			<property name="ScopeScale" value="1.6,1.6,1.6"/>
			<property name="ScopeCameraOffset" value="0,0,0"/>
		</item_property_overrides>
    </append>
	
	<!-- large scopes -->
	
	<append xpath="//item_modifier[@name='modGunScopeLarge']">
	    
		<item_property_overrides name="AK47 VIP">
			<property name="ScopeOffset" value="0,-0.0523,0.1686"/>
			<property name="ScopeScale" value="1,1,1"/>
			<property name="ScopeCameraOffset" value="0,0,0"/>
		</item_property_overrides>

		<item_property_overrides name="Hunting Rifle VIP">
			<property name="ScopeOffset" value="-0.0006,0.0,0.14"/>
			<property name="ScopeScale" value="1.2,1.2,1.2"/>
			<property name="ScopeCameraOffset" value="0,-0.022,0"/>
		</item_property_overrides>

		<item_property_overrides name="SMG VIP">
			<property name="ScopeOffset" value="0,-0.1029,-0.1373"/>
			<property name="ScopeScale" value="1,1,1"/>
			<property name="ScopeCameraOffset" value="0,0,0"/>
		</item_property_overrides>

		<item_property_overrides name="Marksman Rifle VIP">
			<property name="ScopeOffset" value="0,0,0"/>
			<property name="ScopeScale" value="1,1,1"/>
			<property name="ScopeCameraOffset" value="0,0,0"/>
		</item_property_overrides>
    </append>
	
	<!--Red Sight -->
	<append xpath="//item_modifier[@name='modGunReflexSight']">
        
		<item_property_overrides name="Pistol VIP">
			<property name="ScopeOffset" value="0,0.08,-0.01"/>
			<property name="ScopeScale" value="0.7,0.7,0.7"/>
			<property name="ScopeCameraOffset" value="0,-0.035,0"/>
		</item_property_overrides>

		<item_property_overrides name="44 Magnum VIP">
			<property name="ScopeOffset" value="0,0.11,0.015"/>
			<property name="ScopeScale" value="0.5,0.5,0.5"/>
			<property name="ScopeCameraOffset" value="0,-.0395,0.1"/>
		</item_property_overrides>

		<item_property_overrides name="SMG VIP">
			<property name="ScopeOffset" value=".0001,0.1,-0.15"/>
			<property name="ScopeScale" value="0.55,0.55,0.55"/>
			<property name="ScopeCameraOffset" value="-.00005,-.0214,.15"/>
		</item_property_overrides>

		<item_property_overrides name="DoubleBarrel Shotgun VIP">
			<property name="ScopeOffset" value="0,0.0816,0.2104"/>
			<property name="ScopeScale" value="0.25,0.3,0.3"/>
			<property name="ScopeCameraOffset" value="-.0004,-.034,0"/>
		</item_property_overrides>

		<item_property_overrides name="Pump Shotgun VIP">
			<property name="ScopeOffset" value="0.00,0.056,0.05"/>
			<property name="ScopeScale" value="0.7,0.7,0.7"/>
			<property name="ScopeCameraOffset" value="0,-0.0375,0"/>
		</item_property_overrides>

		<item_property_overrides name="AK47 VIP">
			<property name="ScopeOffset" value="0,0.08,-0.2035"/>
			<property name="ScopeScale" value="0.63,0.63,0.63"/>
			<property name="ScopeCameraOffset" value="0,-.009,.35"/>
		</item_property_overrides>

		<item_property_overrides name="Hunting Rifle VIP">
			<property name="ScopeOffset" value="-0.0006,0.06,0.08"/>
			<property name="ScopeScale" value="0.7,0.7,0.7"/>
			<property name="ScopeCameraOffset" value=".0003,-0.0185,0.1"/>
		</item_property_overrides>

		<item_property_overrides name="Marksman Rifle VIP">
			<property name="ScopeOffset" value="0,0.073,-0.13"/>
			<property name="ScopeScale" value="0.7,0.7,0.7"/>
			<property name="ScopeCameraOffset" value="0,-.0147,0.12"/>
		</item_property_overrides>
    </append>
	
	
	
	
	
	
	
	
	
	
	
	
	
	
	
	
	
	
	
	
	
	
	
	
	
	
	
	
	
	
	
	
	
	
</configs>