<configs>
	<append xpath="/progression/perks/perk[@name='perkGunslinger']">
		<effect_group>
			<passive_effect name="RecipeTagUnlocked" operation="base_set" level="5" value="1" tags="The Colt"/>
			<passive_effect name="CraftingTier" operation="base_set" level="1,2,3,4,5" value="2,3,4,5,6" tags="The Colt"/>
			<passive_effect name="RecipeTagUnlocked" operation="base_set" level="5" value="1" tags="D-Eagle"/>
			<passive_effect name="CraftingTier" operation="base_set" level="1,2,3,4,5" value="2,3,4,5,6" tags="D-Eagle"/>
			<passive_effect name="RecipeTagUnlocked" operation="base_set" level="5" value="1" tags="Vector"/>
			<passive_effect name="CraftingTier" operation="base_set" level="1,2,3,4,5" value="2,3,4,5,6" tags="Vector"/>			
		</effect_group>
	</append>	
	<append xpath="/progression/perks/perk[@name='perkBoomstick']">
		<effect_group>
			<passive_effect name="RecipeTagUnlocked" operation="base_set" level="5" value="1" tags="Dickinson T1000"/>
			<passive_effect name="CraftingTier" operation="base_set" level="1,2,3,4,5" value="2,3,4,5,6" tags="Dickinson T1000"/>		
		</effect_group>
	</append>	
	<append xpath="/progression/perks/perk[@name='perkDeadEye']">
		<effect_group>
			<passive_effect name="RecipeTagUnlocked" operation="base_set" level="5" value="1" tags="Kar98"/>
			<passive_effect name="CraftingTier" operation="base_set" level="1,2,3,4,5" value="2,3,4,5,6" tags="Kar98"/>		
			<passive_effect name="RecipeTagUnlocked" operation="base_set" level="5" value="1" tags="Barrett M82"/>
			<passive_effect name="CraftingTier" operation="base_set" level="1,2,3,4,5" value="2,3,4,5,6" tags="Barrett M82"/>					
		</effect_group>
	</append>
	<append xpath="/progression/perks/perk[@name='perkMachineGunner']">
		<effect_group>
			<passive_effect name="RecipeTagUnlocked" operation="base_set" level="5" value="1" tags="Kalashnikova"/>
			<passive_effect name="CraftingTier" operation="base_set" level="1,2,3,4,5" value="2,3,4,5,6" tags="Kalashnikova"/>		
			<passive_effect name="RecipeTagUnlocked" operation="base_set" level="5" value="1" tags="Gun of Death"/>
			<passive_effect name="CraftingTier" operation="base_set" level="1,2,3,4,5" value="2,3,4,5,6" tags="Gun of Death"/>					
		</effect_group>
	</append>	
</configs>
