<configs>
  <append xpath="/items">
     <item name="Nailgun VIP"> <!-- T3 Tools -->
		<property name="CreativeMode" value="Player"/>
		<property name="ItemTypeIcon" value="Star"/>
		<property name="CustomIcon" value="gunToolNailgun" />
		<property name="CustomIconTint" value="#FF0000"/>
	 	<property name="Tags" value="tool,nailgun,sideAttachments,selfLoading,canHaveCosmetic"/>
		<property name="DisplayType" value="meleeRepairTool"/>
		<property name="HoldType" value="37"/>
		<property name="Meshfile" value="#Other/Items?Tools/nailgunPrefab.prefab"/>
		<property name="Material" value="MmechanicalParts"/> <property name="Weight" value="10"/>
		<property name="RepairTools" value="resourceRepairKit"/>
		<property name="DegradationBreaksAfter" value="false"/>
		<property name="SoundJammed" value="weapon_jam"/>
		<property name="CrosshairUpAfterShot" value="true"/>
		<property name="Stacknumber" value="1"/>
		<property name="UnlockedBy" value="perkAdvancedEngineering,gunToolNailgunSchematic"/>
		<property name="ShowQuality" value="true"/>
		<property class="Action0">
		<property name="Class" value="Launcher"/>
		<property name="Hitmask_override" value="Arrow"/>
		<property name="Delay" value=".1"/> <!-- obsolete if rounds per minute exists -->
		<property name="Magazine_items" value="resourceNail"/>
		<property name="Instantiate_on_load" value="false"/>
		<property name="Reload_time" value="2"/>
		<property name="Sound_start" value="nailgun_fire"/>
		<property name="Particles_muzzle_fire" value="nailgunfire"/>
	<!-- <property name="Particles_muzzle_smoke" value="nozzlesmoke"/> -->
		<property name="Sound_repeat" value=""/>
		<property name="Sound_end" value=""/>
		<property name="Sound_empty" value="dryfire"/>
		<property name="Sound_reload" value="nailgun_reload"/>
	</property>
	<property class="Action1"> <!-- UseAction -->
		<property name="Class" value="Repair"/>
		<property name="Delay" value=".10"/> <!-- Repair actions still need the delay amount -->
		<property name="Repair_amount" value="1000"/>
		<property name="Upgrade_hit_offset" value="-5"/>
		<property name="Repair_action_sound" value="nailgun_fire"/>
		<property name="Upgrade_action_sound" value="nailgun_fire"/>
		<property name="Allowed_upgrade_items" value="resourceWood,resourceClayLump,resourceSnowBall,resourceScrapIron,resourceForgedIron,resourceForgedSteel,resourceConcreteMix,resourceCobblestones,ironDoor1_v1,vaultDoor01,scrapHatch_v1,vaultHatch_v1,resourceYuccaFibers,resourceCloth,resourceScrapPolymers,resourceNail"/>
		<!--<property name="Restricted_upgrade_items" value="concrete"/>-->
	</property>
	<property name="Group" value="Tools/Traps"/>
	<property name="RepairExpMultiplier" value="10.8"/>
	<property name="SellableToTrader" value="false"/>
	<effect_group name="gunToolNailgunVIP" tiered="false"> <!-- gunToolNailgun -->
		<passive_effect name="DamageFalloffRange" operation="base_set" value="3"/>
		<passive_effect name="DamageFalloffRange" operation="perc_add" value="-.2,.2"/> <!-- random effective rng -->
		<passive_effect name="MaxRange" operation="base_set" value="20"/>

		<passive_effect name="SpreadDegreesVertical" operation="base_set" value="1.3"/>
		<passive_effect name="SpreadDegreesHorizontal" operation="base_set" value="1.3"/>
		<passive_effect name="SpreadMultiplierAiming" operation="base_set" value=".4"/>
		<passive_effect name="SpreadMultiplierCrouching" operation="base_set" value=".8"/>
		<passive_effect name="SpreadMultiplierWalking" operation="base_set" value="1.5"/>
		<passive_effect name="SpreadMultiplierRunning" operation="base_set" value="2.2"/>

		<display_value name="dBlockRepairAmount" value="1000"/>
		<passive_effect name="IncrementalSpreadMultiplier" operation="base_set" value="2"/>
		<passive_effect name="WeaponHandling" operation="base_set" value=".7"/> <!-- crosshair reset speed -->
		<passive_effect name="RoundsPerMinute" operation="base_set" value="200"/>
		<passive_effect name="BurstRoundCount" operation="base_set" value="1"/> <!-- for the Launcher class this instantly fires BurstRoundCount projectiles on pulling the trigger -->
		<passive_effect name="MagazineSize" operation="base_set" value="10"/>
		<!-- <passive_effect name="ReloadSpeedMultiplier" operation="base_set" value="1"/>  does not work at all on the nailgun -->

		<passive_effect name="KickDegreesVerticalMin" operation="base_set" value="-.7"/>
		<passive_effect name="KickDegreesVerticalMax" operation="base_set" value=".7"/>

		<passive_effect name="KickDegreesHorizontalMin" operation="base_set" value="-.6"/>
		<passive_effect name="KickDegreesHorizontalMax" operation="base_set" value=".6"/>
		<passive_effect name="DegradationMax" operation="base_set" value="1000" tags="nailgun"/>
		<passive_effect name="DegradationPerUse" operation="base_set" value="1" tags="nailgun"/>
		<passive_effect name="ModSlots" operation="base_set" value="0"/>
	</effect_group>
</item>



     <item name="SunGlassses VIP">
	<property name="ItemTypeIcon" value="Star"/>
	<property name="Tags" value="head,clothing,canHaveCosmetic"/>
	<property name="DisplayType" value="clothingShades"/>
	<property name="CustomIcon" value="apparelShades"/>
	<property name="Stacknumber" value="1"/>
	<property name="Material" value="Mmetal"/>
	<property name="DegradationBreaksAfter" value="false"/>
	<property name="Encumbrance" value="0"/>
	<property name="Weight" value="5"/>
	<property name="SellableToTrader" value="false"/>
	<property name="HoldType" value="45"/>
	<property name="Meshfile" value="#Other/Items?Misc/sackPrefab.prefab"/>
	<property name="DropMeshfile" value="#Other/Items?Misc/sack_droppedPrefab.prefab"/>
	<property name="EquipSlot" value="Eyes"/>
	<property name="Group" value="Clothing"/>
	<property class="UMA">
		<property name="Mesh" value="gear_shades"/>
		<property name="Overlay0" value="gear_shades"/>
		<property name="Layer" value="1"/>
		<property name="UISlot" value="Eyewear"/>
	</property>
	<effect_group tiered="false">
		<passive_effect name="ModSlots" operation="base_set" value="0"/>
		<passive_effect name="AttributeLevel" tags="attPerception" operation="base_add" value="1"/>
		<passive_effect name="AttributeLevel" tags="attStrength" operation="base_add" value="1"/>
		<passive_effect name="AttributeLevel" tags="attFortitude" operation="base_add" value="1"/>
		<passive_effect name="AttributeLevel" tags="attAgility" operation="base_add" value="1"/>
		<passive_effect name="AttributeLevel" tags="attIntellect" operation="base_add" value="1"/>
		<passive_effect name="LootGamestage" operation="base_add" value="10"/>
		<passive_effect name="TreasureRadius" operation="base_add" value="-1"/>
		<display_value name="dTreasureRadius" value="-1"/>
		<passive_effect name="CraftingTime" operation="perc_add" value="-.1"/>
		<passive_effect name="PlayerExpGain" operation="perc_add" value=".1"/>
		<display_value name="dCraftingTime" value="-.1"/>
		<display_value name="dPlayerExpGain" value=".1"/>
	</effect_group>
</item>
     
	 
	 
	 <item name="Ultimate Tool VIP">
	<property name="Tags" value="weapon,ranged,holdBreathAiming,reloadPenalty,gun,shortRange,barrelAttachments,sideAttachments,smallTopAttachments,magazine,firingMode,selfLoading,bottomAttachments,attAgility,perkGunslinger,9mmGun,canHaveCosmetic,admin"/>
	<property name="DisplayType" value="adminRanged"/>
	<property name="HoldType" value="6"/>
	<property name="Meshfile" value="#Other/Items?Weapons/Ranged/MP5/MP5Prefab.prefab"/>
	<Property name="TintColor" value="#FF0000"/>
	<property name="CustomIcon" value="gunSMG5"/>
	<property name="CustomIconTint" value="02FF3F"/>
	<property name="ItemTypeIcon" value="star"/>
	<property name="Material" value="Morganic"/>
	<property name="RepairTools" value="resourceRepairKit"/>
	<property name="Stacknumber" value="1"/>
	<property name="DegradationBreaksAfter" value="false"/>
	<property name="SoundJammed" value="weapon_jam"/>
	<property name="CrosshairUpAfterShot" value="false"/>
	<property name="CrosshairOnAim" value="true"/>
	<property name="ShowQuality" value="true"/>
	<property class="Action0">
		<property name="Class" value="Ranged"/>
		<property name="Hitmask_override" value="Melee"/>
		<property name="Delay" value=".150"/>
		<property name="Range" value="25"/>
		<property name="Single_magazine_usage" value="true"/>
		<property name="Infinite_ammo" value="true"/>
		<property name="Magazine_items" value="ammo9mmBulletBall"/>
		<property name="Reload_time" value="4.1"/>
		<property name="Sound_start" value=""/>
		<property name="Sound_repeat" value=""/>
		<property name="Sound_end" value=""/>
		<property name="Sound_empty" value="dryfire"/>
		<property name="Sound_reload" value="mp5_reload"/>
		<property name="Particles_muzzle_fire" value="nozzleflashuzi"/>
		<property name="Particles_muzzle_smoke" value="nozzlesmokeuzi"/>
		<property name="SupportHarvesting" value="true"/>
		<property name="ToolCategory.harvestingTools" value="1.5" param1="1.5"/>
		<property name="ToolCategory.Disassemble" value="1" param1="1"/>
		<property name="Particle_harvesting" value="true" param1="metal"/>
	</property>
	<property class="Action1">
		<property name="Class" value="Zoom"/>
		<property name="Zoom_max_out" value="55"/>
		<property name="Zoom_max_in" value="55"/>
	</property>
	<effect_group tiered="false">
		<passive_effect name="RoundsPerMinute" operation="base_set" value="300"/>
		<passive_effect name="BurstRoundCount" operation="base_set" value="1000"/>
		<passive_effect name="EntityDamage" operation="base_set" value="26"/>
		<passive_effect name="BlockDamage" operation="base_set" value="1000"/>
		<passive_effect name="MaxRange" operation="base_set" value="25"/>
		<passive_effect name="SpreadDegreesVertical" operation="base_set" value="0"/>
		<passive_effect name="SpreadDegreesHorizontal" operation="base_set" value="0"/>
		<passive_effect name="SpreadMultiplierAiming" operation="base_set" value="0"/>
		<passive_effect name="SpreadMultiplierHip" operation="base_set" value="0"/>
		<passive_effect name="KickDegreesVerticalMin" operation="base_set" value="0"/>
		<passive_effect name="KickDegreesVerticalMax" operation="base_set" value="0"/>
		<passive_effect name="KickDegreesHorizontalMin" operation="base_set" value="0"/>
		<passive_effect name="KickDegreesHorizontalMax" operation="base_set" value="0"/>
		<passive_effect name="DegradationMax" operation="base_set" value="2000" tags="perkGunslinger,9mmGun"/>
		<passive_effect name="HarvestCount" operation="base_set" value="1" tags="butcherHarvest"/>
		<passive_effect name="HarvestCount" operation="base_set" value="1" tags="salvageHarvest"/>
		<passive_effect name="DegradationPerUse" operation="base_set" value="1" tags="perkGunslinger,9mmGun"/>
		<passive_effect name="ModSlots" operation="base_set" value="1"/>
	</effect_group>
	</item>
  
    <!-- Untested, need to remove copy block when pressing R -->
	
	 <item name="Paint Brush VIP">
	<property name="Tags" value="tool"/>
	<property name="CreativeMode" value="Player"/>
	<property name="HoldType" value="51"/>
	<property name="Meshfile" value="#Other/Items?Tools/PaintbrushPrefab.prefab"/>
	<property name="Material" value="Mwood"/>
	<property name="CustomIcon" value="meleeToolPaintTool"/> <property name="CustomIconTint" value="210,0,210"/>
	<property name="DegradationBreaksAfter" value="false"/>
	<property name="SoundJammed" value="ItemNeedsRepair"/>
	<property name="SoundDestroy" value="wooddestroy1"/>
	<property name="SellableToTrader" value="false"/>
	<property name="CrosshairUpAfterShot" value="false"/>
	<property name="Stacknumber" value="1"/>
	<property class="Action0">
		<property name="Class" value="TextureBlock"/>
		<property name="Hitmask_override" value="Melee"/>
		<property name="Sound_start" value="erase"/>
		<property name="Infinite_ammo" value="true"/>
		<property name="Magazine_items" value="resourcePaint"/>
		<property name="Range" value="40"/>
		<property name="Delay" value=".0"/> <!-- obsolete if rounds per minute exists -->
		<property name="RemoveTexture" value="true"/>
		<property name="DefaultTextureID" value="156"/>
	</property>
	<property class="Action1">
		<property name="Class" value="TextureBlock"/>
		<property name="Hitmask_override" value="Melee"/>
		<property name="Sound_start" value="resourcePaint"/>
		<property name="Infinite_ammo" value="true"/>
		<property name="Magazine_items" value="resourcePaint"/>
		<property name="Range" value="40"/>
		<property name="Delay" value=".0"/> <!-- obsolete if rounds per minute exists -->
		<property name="Particles_muzzle_fire" value="paint_splash2"/>
	</property>
	<effect_group name="Paint Brush VIP" tiered="false">
		<passive_effect name="ModSlots" operation="base_set" value="0"/>
		<passive_effect name="MagazineSize" operation="base_set" value="1"/>
		<passive_effect name="SpreadDegreesVertical" operation="base_set" value="0"/>
		<passive_effect name="SpreadDegreesHorizontal" operation="base_set" value="0"/>
		<passive_effect name="DegradationPerUse" operation="base_set" value="0"/>
	</effect_group>
	<property name="Group" value="Tools/Traps"/>
	<property name="RepairExpMultiplier" value="5.5"/>
	<property name="PickupJournalEntry" value="paintingTip"/>
	
</item>

  </append>



</configs>