<modtipsy>

	<append xpath="/recipes">

<!-- IN Game ITEMS -->	
	
	<recipe name="ammoArrowStone" count="1">
		<ingredient name="resourceRockSmall" count="1"/>
		<ingredient name="resourceWood" count="1"/>
		<ingredient name="resourceScrapPolymers" count="1"/>
	</recipe>
	
	<recipe name="resourceElectronicParts" count="1" craft_area="workbench" tags="workbenchCrafting">
		<ingredient name="resourceMechanicalParts" count="1"/>
		<ingredient name="resourceElectricParts" count="1"/>
	</recipe>	
	
	<recipe name="meleeToolAllSteelParts" count="1" craft_area="workbench">
		<ingredient name="resourceForgedSteel" count="10"/>
	</recipe>
	
	<recipe name="resourceSpring" count="1" material_based="true" craft_area="forge" tags="perkAdvancedEngineering">
		<ingredient name="unit_iron" count="100"/>
		<ingredient name="unit_clay" count="100"/>
		<effect_group>
			<passive_effect name="CraftingIngredientCount" operation="perc_add" level="0,1,2,3,4" value=".25,.25,.25,.177,.12" tags="unit_iron"/>
		</effect_group>
	</recipe>
<!-- Kits -->

	<recipe name="AdvanceRepairKit" count="1" craft_area="TIPSY WorkBench">
		<ingredient name="resourceMechanicalParts" count="1"/>
		<ingredient name="resourceElectricParts" count="1"/>
		<ingredient name="resourceElectronicParts" count="1"/>
		<ingredient name="resourceRepairKit" count="1"/>
	</recipe>		

	<recipe name="GunKit" count="1" craft_area="TIPSY WorkBench">
		<ingredient name="resourceAcid" count="2"/>
		<ingredient name="resourceRepairKit" count="50"/>
	</recipe>	
	
	<recipe name="GoDKit" count="1" craft_area="TIPSY WorkBench">
		<ingredient name="AdvanceMechaParts" count="50"/>
		<ingredient name="resourceAcid" count="5"/>
		<ingredient name="GunSprings" count="50"/>
		<ingredient name="GunKit" count="5"/>
	</recipe>	

<!-- RESOURCES -->	

	<recipe name="Perfect Steel" count="1" craft_area="TIPSY WorkBench" craft_time="60">
		<ingredient name="resourceForgedSteel" count="100"/>
	</recipe>
	
	<recipe name="Perfect Iron" count="1" craft_area="TIPSY WorkBench" craft_time="60">
		<ingredient name="resourceForgedIron" count="200"/>
	</recipe>
	
	<recipe name="GunBarrels" count="1" craft_area="TIPSY WorkBench">
		<ingredient name="resourceMetalPipe" count="50"/>
		<ingredient name="Perfect Iron" count="2"/>
	</recipe>		
	
	<recipe name="GunSprings" count="1" craft_area="TIPSY WorkBench">
		<ingredient name="resourceSpring" count="50"/>
		<ingredient name="Perfect Steel" count="1"/>
	</recipe>		
	
	<recipe name="GunTape" count="1" craft_area="TIPSY WorkBench">
		<ingredient name="resourceDuctTape" count="10"/>
	</recipe>	
	
	<recipe name="AdvanceMechaParts" count="1" craft_area="TIPSY WorkBench">
		<ingredient name="resourceMechanicalParts" count="20"/>
	</recipe>
	
	<recipe name="AdvanceElectricParts" count="1" craft_area="TIPSY WorkBench">
		<ingredient name="resourceElectricParts" count="20"/>
	</recipe>	

	<recipe name="AdvanceElectronicParts" count="1" craft_area="TIPSY WorkBench">
		<ingredient name="resourceElectronicParts" count="5"/>
	</recipe>
	
	<recipe name="Diamond Tool Parts" count="1" craft_area="TIPSY WorkBench">
		<ingredient name="meleeToolAllSteelParts" count="50"/>
		<ingredient name="resourceSpring" count="20"/>
	</recipe>	

	<recipe name="Diamond Moter Parts" count="1" craft_area="TIPSY WorkBench">
		<ingredient name="meleeToolChainsawParts" count="5"/>
	</recipe>	
	
	<recipe name="TIPSYTokens" count="1" craft_area="workbench">
		<ingredient name="casinoCoin" count="2"/>
	</recipe>
	<recipe name="casinoCoin" count="2" craft_area="workbench">
		<ingredient name="TIPSYTokens" count="1"/>
	</recipe>		
	
<!-- WorkStation -->	
	<recipe name="TIPSY WorkBench" count="1" craft_area="workbench" craft_time="420" tags="learnable,TIPSY WorkBench">
		<ingredient name="resourceForgedIron" count="100"/>
		<ingredient name="resourceMechanicalParts" count="1000"/>
		<ingredient name="meleeToolWrench" count="1"/>
		<ingredient name="meleeToolClawHammer" count="1"/>
		<ingredient name="resourceWood" count="6000"/>
	</recipe>
	
	<recipe name="Weapons Machine" count="1" craft_area="TIPSY WorkBench" craft_time="420" tags="learnable,TIPSY WorkBench">
		<ingredient name="resourceForgedSteel" count="500"/>
		<ingredient name="AdvanceMechaParts" count="1000"/>
		<ingredient name="meleeToolWrench" count="1"/>
		<ingredient name="meleeToolClawHammer" count="1"/>
		<ingredient name="AdvanceElectricParts" count="1000"/>
	</recipe>
	
	<recipe name="TIPSY Grill" count="1" craft_area="TIPSY WorkBench" craft_time="420" tags="learnable,TIPSY WorkBench"> 
		<ingredient name="Perfect Steel" count="50"/>
		<ingredient name="AdvanceMechaParts" count="1000"/>
		<ingredient name="Perfect Iron" count="100"/>
		<ingredient name="toolBeaker" count="5"/>
		<ingredient name="AdvanceElectricParts" count="1000"/>
	</recipe>
<!-- Books -->
	
<!-- 	<recipe name="TIPSYWorkBenchSchematic" count="1" craft_area="workbench" tags="workbenchCrafting">
		<ingredient name="resourceMechanicalParts" count="100"/>
		<ingredient name="resourceElectricParts" count="100"/>
		<ingredient name="resourceElectronicParts" count="20"/>
		<ingredient name="resourcePaper" count="1000"/>
	</recipe>
	<recipe name="WeaponsMechineSchematic" count="1" craft_area="TIPSYWorkBench" tags="workbenchCrafting">
		<ingredient name="AdvanceMechaParts" count="100"/>
		<ingredient name="AdvanceElectronicParts" count="100"/>
		<ingredient name="AdvanceElectricParts" count="20"/>
		<ingredient name="resourcePaper" count="1000"/>
	</recipe>	-->
	
	</append>
</modtipsy>