<configs>
	<append xpath="/entity_classes/entity_class[@name='vehicleMotorcycle']/property[@name='Tags']/@value">,motorcycle</append>
	<append xpath="/entity_classes/entity_class[@name='vehicle4x4Truck']/property[@name='Tags']/@value">,jeep</append>
	<append xpath="/entity_classes/entity_class[@name='vehicleMinibike']/property[@name='Tags']/@value">,minibike</append>
	<append xpath="/entity_classes/entity_class[@name='vehicleGyrocopter']/property[@name='Tags']/@value">,gyro</append>
	<append xpath="/entity_classes/entity_class[@name='vehicleBicycle']/property[@name='Tags']/@value">,bicycle</append>
	<append xpath="/entity_classes">
		
		<entity_class name="HellBeast">
			<property name="Tags" value="vehicle, hellbeast"/>
			<property name="Class" value="EntityMotorcycle"/>
			<property name="Parent" value="Cars"/>
			<property name="Prefab" value="#Entities/Vehicles?motorcycle_Prefab.prefab"/>
			<property name="ModelType" value="Standard"/>
			<property name="SurfaceCategory" value="metal"/>
			<property name="IgnoreTrigger" value="true"/>
			<property name="LootListAlive" value="951"/>
			<property name="IsEnemyEntity" value="false"/>
			<property name="Explosion.ParticleIndex" value="6"/>
			<property name="Explosion.RadiusBlocks" value="4"/>
			<property name="Explosion.RadiusEntities" value="4"/>
			<property name="Explosion.BlockDamage" value="50"/>
			<property name="Explosion.EntityDamage" value="50"/>
			<property name="RotateToGround" value="true"/>
			<property name="Faction" value="none"/>
			<property name="MapIcon" value="ui_game_symbol_motorcycle"/>
		</entity_class>
		
		
		
		<entity_class name="Armored Car">
			<property name="Tags" value="vehicle,armoredcar"/>
			<property name="Class" value="EntityVJeep"/>
			<property name="Parent" value="Cars"/>
			<property name="Prefab" value="#Entities/Vehicles?jeep_Prefab.prefab"/>
			<property name="ModelType" value="Standard"/>
			<property name="SurfaceCategory" value="metal"/>
			<property name="IgnoreTrigger" value="true"/>
			<property name="LootListAlive" value="951"/>
			<property name="IsEnemyEntity" value="false"/>
			<property name="Explosion.ParticleIndex" value="6"/>
			<property name="Explosion.RadiusBlocks" value="5"/>
			<property name="Explosion.RadiusEntities" value="5"/>
			<property name="Explosion.BlockDamage" value="100"/>
			<property name="Explosion.EntityDamage" value="100"/>
			<property name="RotateToGround" value="true"/>
			<property name="Faction" value="none"/>
			<property name="MapIcon" value="ui_game_symbol_4x4"/>
		</entity_class>
	</append>
</configs>