<configs>
	<append xpath="/items">
		<item name="Armored Car">
			<property name="Extends" value="vehicleMinibikePlaceable"/>
			<property name="CustomIcon" value="cntDumpster"/>
			<property name="UnlockedBy" value="perkGreaseMonkey"/>
			<property name="Tags" value="armoredcar"/>
			<property name="Meshfile" value="#Entities/Vehicles?jeep_Prefab.prefab"/>
			<property name="EconomicValue" value="30000"/>
			<property class="Action1">
				<property name="Vehicle" value="Armored Car"/>
				<property name="VehicleSize" value="5, 1, 5"/>
			</property>
			<effect_group name="vehicleArmyTruckPlaceable" tiered="false">
				<passive_effect name="ModSlots" operation="base_set" value="4"/>
				<passive_effect name="ModPowerBonus" operation="base_add" value="300" tags="EconomicValue"/>
				<passive_effect name="DegradationMax" operation="base_set" value="15000"/>
			</effect_group>
		</item>
		
		<item name="HellBeast">
			<property name="Extends" value="vehicleMinibikePlaceable"/>
			<property name="CustomIcon" value="vehicleMotorcyclePlaceable"/>
			<property name="CustomIconTint" value="255,0,0"/>
			<property name="UnlockedBy" value="perkGreaseMonkey"/>
			<property name="Tags" value="hellbeast"/>
			<property name="Meshfile" value="#Entities/Vehicles?motorcycle_Prefab.prefab"/>
			<property name="EconomicValue" value="10000"/>
			<property class="Action1">
				<property name="Vehicle" value="HellBeast"/>
				<property name="VehicleSize" value="1.3, 1.9, 3"/>
			</property>
			<effect_group name="HellBeast" tiered="false">
				<passive_effect name="ModSlots" operation="base_set" value="4"/>
				<passive_effect name="ModPowerBonus" operation="base_add" value="300" tags="EconomicValue"/>
				<passive_effect name="DegradationMax" operation="base_set" value="7500"/>
			</effect_group>
		</item>
		
		
	</append>
</configs>